Name,Material,Sales Contact,Contact Number,Email,Address,City,State,Latitude,Longitude,pin_color,Location_type,notes,service
"Mid Ohio Valley Lime, Inc.",Hydrate Lime,N/A,888-837-6685,N/A,14949 St Rte 7,Marietta,OH,N/A,N/A,#F54927,Plant,N/A,Pneumatic Trucking
Smith Trucking,N/A,N/A,N/A,N/A,N/A,N/A,N/A,N/A,N/A,#F54928,N/A,N/A,Pneumatic Trucking
RRR,N/A,N/A,800-472-4714,N/A,1195 Mauldin Rd,Calhoun ,GA ,N/A,N/A,#F54929,N/A,N/A,Pneumatic Trucking
NAJ Trucking--never call competitive,N/A,N/A,N/A,N/A,N/A,N/A,N/A,N/A,N/A,#F54930,N/A,N/A,Pneumatic Trucking
UST Transport,N/A,Chuck Johnson,702-355-5323,chuck.johnson@us-transport.com,N/A,N/A,AZ,N/A,N/A,#F54931,N/A,N/A,Pneumatic Trucking
Apex Logistics LLC,N/A,Joshua Vermillion,702-701-3643,josh.vermillion@apexlogisticsllc.com,9201 N 7th Street,Phoenix,AZ,N/A,N/A,#F54932,N/A,N/A,Pneumatic Trucking
CTI Dry Bulk Hauling,N/A,N/A,317-783-0700,N/A,121 Premier Drive,Belleville,IL,N/A,N/A,#F54933,N/A,N/A,Pneumatic Trucking
Superior Bulk,N/A,Jeremy Jondahl,602-828-3257,N/A,N/A,N/A,AZ,N/A,N/A,#F54934,N/A,N/A,Pneumatic Trucking
Main Office,N/A,N/A,N/A,N/A,3105 N Maples St.,Mesa,AZ,N/A,N/A,#F54935,N/A,N/A,Pneumatic Trucking
Glendale Yard,N/A,N/A,N/A,N/A,6500 N Agua Fria Shore,Glendale,AZ,N/A,N/A,#F54936,N/A,N/A,Pneumatic Trucking
Kingman Yard,N/A,N/A,N/A,N/A,2301 Shinarump Dr.,Kingman,AZ,N/A,N/A,#F54937,N/A,N/A,Pneumatic Trucking
Sloan Yard,N/A,N/A,N/A,N/A,Water Well Drill Rd.,Sloan,NV,N/A,N/A,#F54938,N/A,N/A,Pneumatic Trucking
Tucson Yard,N/A,N/A,N/A,N/A,5400 W Massingale Rd.,Tucson,AZ,N/A,N/A,#F54939,N/A,N/A,Pneumatic Trucking
Dry Run Trucking,N/A,Kris Pietsch,602-388-3675,N/A,6741 W Rock Solid Way,Chandler,AZ,N/A,N/A,#F54940,N/A,N/A,Pneumatic Trucking
J&E,N/A,Jerry,505-304-7179,N/A,165 Escondido St.,Hatch,NM,N/A,N/A,#F54941,N/A,N/A,Pneumatic Trucking
K Trucking,N/A,James,928-243-1042,N/A,N/A,N/A,East AZ/NM,N/A,N/A,#F54942,N/A,N/A,Pneumatic Trucking
Trinity Logistics,N/A,Bailie Paulus,763-276-4306,bpaulus@trinitylogisticsmn.com,N/A,N/A,All US,N/A,N/A,#F54943,N/A,Office: 612-314-2433,Pneumatic Trucking
Corporate Office,N/A,N/A,800-846-3400,N/A,50 Fallon Avenue,Seaford,DE,N/A,N/A,#F54944,N/A,N/A,Pneumatic Trucking
Scottsdale,N/A,N/A,855-830-6827,N/A,8655 E Via De Ventura Suite E-250,Scottsdale,AZ,N/A,N/A,#F54945,N/A,N/A,Pneumatic Trucking
Orlando,N/A,N/A,407-852-7299,N/A,5422 Carrier Dr. Suite 304,Orlando ,FL,N/A,N/A,#F54946,N/A,N/A,Pneumatic Trucking
Urbandale,N/A,N/A,515-207-1401,N/A,4320 114th St. ,Urbandale,IA,N/A,N/A,#F54947,N/A,N/A,Pneumatic Trucking
Kansas City,N/A,N/A,800-210-3000,N/A,7200 NW 86th Street Suite N,Kansas City,MO,N/A,N/A,#F54948,N/A,N/A,Pneumatic Trucking
Fort Worth,N/A,N/A,877-346-4455,N/A,14800 Trinity Blvd. Suite 110,Fort Worth,TX,N/A,N/A,#F54949,N/A,N/A,Pneumatic Trucking
TKM Materials,N/A,Terry,931-260-0008,terry@TKMMaterials.com,1806 N Court Street,Marion,IL,N/A,N/A,#F54950,N/A,N/A,Pneumatic Trucking
Venezia Bulk Transport Inc.,N/A,N/A,610-587-1005,apual@veneziainc.com,N/A,N/A,TN/Carolinas,N/A,N/A,#F54951,N/A,N/A,Pneumatic Trucking
Keene Carriers,N/A,N/A,276-880-1206,N/A,13950 US HWY 19,Rosedale,VA,N/A,N/A,#F54952,N/A,N/A,Pneumatic Trucking
Taylor Transport Inc.,N/A,N/A,770-387-7500,contact@taylortruck.net,1708 GA-113 ,Cartersville,GA,N/A,N/A,#F54953,N/A,N/A,Pneumatic Trucking
Parker Nall Perdido Trucking Service,N/A,N/A,251-508-3779,pnall@perdidotrucking.com,56 Midtown Park West,Mobile,AL/Gulf,N/A,N/A,#F54954,N/A,N/A,Pneumatic Trucking
Evergreen Transport,N/A,JR Dykes,205-936-0359,N/A,"41 West I-65 Service Rd. North, Suite 300",Mobile,AL/Gulf,N/A,N/A,#F54955,N/A,N/A,Pneumatic Trucking
Johnston Trucking LLC,N/A,Luke,334-735-2283,luke@johnstontrucking.com,US 231 Business,Brundidge,AL/Gulf,N/A,N/A,#F54956,N/A,N/A,Pneumatic Trucking
Rodgers Cartage Co.,N/A,N/A,205-621-9098,N/A,176 Longview Cir,Calera,AL/Gulf,N/A,N/A,#F54957,N/A,Primary Line: 1-800-507-8848,Pneumatic Trucking
Get Up & Go Pronto Transportation--call to confirm information,N/A,N/A,205-600-4077,N/A,1720 Hurricane Rd Lot 18,Cottondale,AL/Gulf,N/A,N/A,#F54958,N/A,N/A,Pneumatic Trucking
Triple K Trucking--call to confirm information,N/A,N/A,205-202-9403,N/A,N/A,N/A,AL/Gulf,N/A,N/A,#F54959,N/A,N/A,Pneumatic Trucking
MLC Trucking,N/A,N/A,N/A,N/A,N/A,N/A,N/A,N/A,N/A,#F54960,N/A,N/A,Pneumatic Trucking
Ste. Genevieve,N/A,N/A,N/A,N/A,16136 Highway 61,Ste. Genevieve ,MO,N/A,N/A,#F54961,N/A,N/A,Pneumatic Trucking
Vicksburg,N/A,N/A,N/A,N/A,1543 Haining Rd.,Vicksburg,MS,N/A,N/A,#F54962,N/A,N/A,Pneumatic Trucking
Verona,N/A,N/A,N/A,N/A,525 Hance Rd.,Verona,KY,N/A,N/A,#F54963,N/A,N/A,Pneumatic Trucking
Weirton,N/A,N/A,N/A,N/A,3001 Birch Dr,Weirton,WV,N/A,N/A,#F54964,N/A,N/A,Pneumatic Trucking
Chester,N/A,N/A,N/A,N/A,1544 Beltline Rd.,Chester,SC,N/A,N/A,#F54965,N/A,N/A,Pneumatic Trucking
Journey LTD,N/A,N/A,N/A,N/A,N/A,N/A,N/A,N/A,N/A,#F54966,N/A,N/A,Pneumatic Trucking
Tatum's Hauling,N/A,N/A,804-561-6563,tatumshauling1984@gmail.com,21520 Patrick Henry Highway,Jetersville,VA,N/A,N/A,#F54967,N/A,N/A,Pneumatic Trucking
Summit Trucking,N/A,N/A,214-631-3080,N/A,1358 Medical District Drive,Dallas,TX,N/A,N/A,#F54968,N/A,N/A,Pneumatic Trucking
Bob's Moraine Trucking,N/A,N/A,937-746-8420,orders@bmtinc.us,8231 Claude Thomas Road,Franklin,OH,N/A,N/A,#F54969,N/A,Delivers within 250 mile radius of Franklin Ohio,Pneumatic Trucking
Klink Trucking,N/A,N/A,260-587-9113,klink@klinktrucking.com,3320 W 800 S,Ashley,IN,N/A,N/A,#F54970,N/A,N/A,Pneumatic Trucking
Able Bulk Carriers,N/A,Adam Fratianne,440-413-8674,adam@ablebulkcarriers.com,925 Callendar Blvd.,Painesville,OH,N/A,N/A,#F54971,N/A,N/A,Pneumatic Trucking
Tully Transport,N/A,N/A,606-564-3129,N/A,8027 KY Highway 3161 Rd.,Maysville,OH,N/A,N/A,#F54972,N/A,N/A,Pneumatic Trucking
Mid Ohio Valley Lime,N/A,N/A,740-373-2481,N/A,14949 State Route 7,Marietta,OH,N/A,N/A,#F54973,N/A,N/A,Pneumatic Trucking
SCH Services-call to verify contact info,N/A,N/A,800-547-9918,info@sch-ces.com,1650 Murfreesboro Rd.,Franklin,TN,N/A,N/A,#F54974,N/A,N/A,Pneumatic Trucking
Wooster Motor Ways,N/A,N/A,330-264-7690,N/A,3501 West Old Lincoln Way,Wooster,OH,N/A,N/A,#F54975,N/A,N/A,Pneumatic Trucking
Wayne W Sell,N/A,Tom Weleski,800-444-4997,N/A,236 Winfield Road,Sarver,PA,N/A,N/A,#F54976,N/A,N/A,Pneumatic Trucking
Journey Trucking,N/A,N/A,888-726-9979,info@journeytrucking.com,11418 N Dixie Drive,Vandalia,OH,N/A,N/A,#F54977,N/A,N/A,Pneumatic Trucking
Tripp Trucking--call to verify,N/A,Jeffrey Bernard Tripp,706-453-4165,N/A,1030 Charity Drive,Greensboro,GA,N/A,N/A,#F54978,N/A,N/A,Pneumatic Trucking
Whitetail Trucking--call to verify,N/A,N/A,757-342-6654,N/A,15203 Wyatt CT,Carrollton,VA,N/A,N/A,#F54979,N/A,N/A,Pneumatic Trucking
US Bulk Transport,N/A,N/A,800-609-6611,info@usbulktransport.com,205 Pennbriar Drive,Erie,PA,N/A,N/A,#F54980,N/A,N/A,Pneumatic Trucking
Beelman Truck CO,N/A,N/A,877-945-6688,N/A,1 Racehorse Drive,East St. Louis,IL,N/A,N/A,#F54981,N/A,N/A,Pneumatic Trucking
Bowman Logistics,N/A,N/A,240-625-2799,N/A,10228 Governor Lane Boulevard Suite #3006 ,Williamsport,MD,N/A,N/A,#F54982,N/A,N/A,Pneumatic Trucking
Crystal Trucking--call to verify,N/A,N/A,847-553-1592,N/A,1491 S 6th Avenue,Des Plaines,IL,N/A,N/A,#F54983,N/A,N/A,Pneumatic Trucking
ECI Trucking,N/A,N/A,N/A,N/A,N/A,N/A,N/A,N/A,N/A,#F54984,N/A,N/A,Pneumatic Trucking
Sams Hauling and Trucking,N/A,N/A,865-982-8011,N/A,2394 Wildwood Rd,Maryville,TN,N/A,N/A,#F54985,N/A,N/A,Pneumatic Trucking
McDowell ,N/A,N/A,307-797-4278,N/A,N/A,N/A,N/A,N/A,N/A,#F54986,N/A,N/A,Pneumatic Trucking
Global Construction Transport,N/A,Darrell Simmons,317-667-3350,N/A,2066 S Raber Road,Columbia City,IN,N/A,N/A,#F54987,N/A,N/A,Pneumatic Trucking
Henderson Trucking,N/A,Mike,740-369-6100,mike@hendersontrucking.com,124 Henderson CT,Delaware,OH,N/A,N/A,#F54988,N/A,N/A,Pneumatic Trucking
Bulk Transit,N/A,N/A,614-873-4632,info@bulktransit.com,7177 Industrial Parkway,Plain City,OH,N/A,N/A,#F54989,N/A,N/A,Pneumatic Trucking
Khunle Trucking,N/A,N/A,440-564-7168,N/A,14905 Cross Creek Pkwy,Newbury,OH,N/A,N/A,#F54990,N/A,N/A,Pneumatic Trucking
Predator,N/A,N/A,1-800-235-5624,N/A,3181 Trumbull Avenue,McDonald,OH,N/A,N/A,#F54991,N/A,N/A,Pneumatic Trucking
R&J Trucking,N/A,N/A,330-758-0841,N/A,8063 Southern Blvd.,Boardman,OH,N/A,N/A,#F54992,N/A,N/A,Pneumatic Trucking
Bulkmatic,N/A,N/A,800-535-8505,N/A,2001 North Cline Avenue,Griffith,IN,N/A,N/A,#F54993,N/A,N/A,Pneumatic Trucking
RSA Transport,N/A,N/A,724-545-1407,N/A,1131 Freeport Road,Kittanning ,PA,N/A,N/A,#F54994,N/A,N/A,Pneumatic Trucking
SEFA,N/A,Kerry Burke,803-530-2825,kburke@sefagroup.com,9639 Highmarket Street,Georgetown,SC,N/A,N/A,#F54995,N/A,N/A,Pneumatic Trucking
DRI Bulk Transport Company,N/A,N/A,N/A,N/A,8063 Southern Blvd.,Youngstown,OH,N/A,N/A,#F54996,N/A,N/A,Pneumatic Trucking
SRS,N/A,N/A,N/A,N/A,N/A,N/A,N/A,N/A,N/A,#F54997,N/A,N/A,Pneumatic Trucking
Sids Trucking,N/A,N/A,N/A,N/A,N/A,N/A,N/A,N/A,N/A,#F54998,N/A,N/A,Pneumatic Trucking
Pickett Concrete,N/A,Jim Galloway,7405329123,pickettconcrete@frontier.com,4127 Westward Avenue,Columbus,OH,N/A,N/A,#F54999,N/A,N/A,Pneumatic Trucking
United Rentals - Columbiana,N/A,Timothy Dohn,(330) 482-1100,N/A,44691 State Route 14,Columbiana,OH,N/A,N/A,#2F4A6D,N/A,N/A,Equipment Rental
United Rentals - East Liverpool,N/A,Timothy Dohn,(330) 385-5381,N/A,16695 Lisbon St,E Liverpool,OH,N/A,N/A,#2F4A6D,N/A,N/A,Equipment Rental
United Rentals - Marietta,N/A,Tracey Ayers,(740) 373-5161,N/A,1205 Pike St,Marietta,OH,N/A,N/A,#2F4A6D,N/A,N/A,Equipment Rental
United Rentals - Marietta,N/A,Tracey Ayers,(740) 373-3292,N/A,18417 Sate Route 7,Marietta,OH,N/A,N/A,#2F4A6D,N/A,N/A,Equipment Rental
United Rentals - Perrysburg,N/A,Michael Lowell,(419) 874-3141,N/A,620 Eckel Rd,Perrysburg,OH,N/A,N/A,#2F4A6D,N/A,N/A,Equipment Rental
United Rentals - Coventry Twp,N/A,Mark Walker,(330) 724-7635,N/A,2292 S. Arlington Rd,Coventry Twp,OH,N/A,N/A,#2F4A6D,N/A,N/A,Equipment Rental
United Rentals - Dayton,N/A,Richard Hart,(937) 235-5395,N/A,5773 Executive Blvd.,Dayton,OH,N/A,N/A,#2F4A6D,N/A,N/A,Equipment Rental
United Rentals - Cincinnati,N/A,Scott Rudolph,(513) 346-2800,N/A,898 East Crescentville Rd,Cincinnati,OH,N/A,N/A,#2F4A6D,N/A,N/A,Equipment Rental
United Rentals - Cleveland,N/A,Joseph Pannitto,(216) 749-3400,N/A,13960 Brookpark Rd,Cleveland,OH,N/A,N/A,#2F4A6D,N/A,N/A,Equipment Rental
United Rentals - Columbus,N/A,Joshua Sets,(614) 279-6352,N/A,1825 McKenley Ave.,Columbus,OH,N/A,N/A,#2F4A6D,N/A,N/A,Equipment Rental
United Rentals - Groveport,N/A,Jordan Denson,(614) 335-5356,N/A,4141 Hamilton Square,Groveport,OH,N/A,N/A,#2F4A6D,N/A,N/A,Equipment Rental
United Rentals - Westerville,N/A,Brandon Gerhardt,(614) 541-2696,N/A,5755 Westeville Rd,Westerville,OH,N/A,N/A,#2F4A6D,N/A,N/A,Equipment Rental
United Rentals - Dublin,N/A,Nicholas Toups,(614) 335-5357,N/A,7570 Fishel Dr S,Dublin,OH,N/A,N/A,#2F4A6D,N/A,N/A,Equipment Rental
United Rentals - West Chester,N/A,Josh Straight,(513) 845-0150,N/A,4764 Ashley Dr,West Chester,OH,N/A,N/A,#2F4A6D,N/A,N/A,Equipment Rental
United Rentals - Lynchburg,N/A,Roger Castillo,(434) 846-7368,N/A,3560 Young Pl,Lynchburg,VA,N/A,N/A,#2F4A6D,N/A,N/A,Equipment Rental
United Rentals - Fredericksburg,N/A,Kevin Sledziona,(540) 710-5370,N/A,4616 Lassen LN,Fredericksburg,VA,N/A,N/A,#2F4A6D,N/A,N/A,Equipment Rental
United Rentals - Covington,N/A,David Vincent,(540) 965-6569,N/A,807 Grayson Ave,Covington,VA,N/A,N/A,#2F4A6D,N/A,N/A,Equipment Rental
United Rentals - Winchester,N/A,James Hartness,(540) 545-8383,N/A,287 Welltown CT,Winchester,VA,N/A,N/A,#2F4A6D,N/A,N/A,Equipment Rental
United Rentals - Manassas,N/A,Ricky Lamot,(703) 368-6065,N/A,9415 Wellington Rd,Manassas,VA,N/A,N/A,#2F4A6D,N/A,N/A,Equipment Rental
United Rentals - Manassas,N/A,Ricky Lamot,(703) 656-2130,N/A,9485 Contractors CT,Manassas,VA,N/A,N/A,#2F4A6D,N/A,N/A,Equipment Rental
United Rentals - Christiansburg,N/A,Susan Stanger,(540) 382-9036,N/A,1570 Radford Rd,Christianburg,VA,N/A,N/A,#2F4A6D,N/A,N/A,Equipment Rental
United Rentals - Harrisonburg,N/A,Jeremy Bryant,(540) 433-0011,N/A,141 Leray CR,Harrisonburg,VA,N/A,N/A,#2F4A6D,N/A,N/A,Equipment Rental
United Rentals - Chesapeake,N/A,Pamela Newbern,(757) 543-5723,N/A,4333 Bainbridge Blvd,Chesapeake,VA,N/A,N/A,#2F4A6D,N/A,N/A,Equipment Rental
United Rentals - Glen Allen,N/A,Audrey Bondurant,(804) 550-2978,N/A,10374 Washington Hwy,Glen Allen,VA,N/A,N/A,#2F4A6D,N/A,N/A,Equipment Rental
United Rentals - Hampton,N/A,Paul Reca,(757) 247-5891,N/A,2327 W Pembroke Ave,Hampton,VA,N/A,N/A,#2F4A6D,N/A,N/A,Equipment Rental
United Rentals - Chester,N/A,Michael Lotti,(804) 768-2266,N/A,11200 Iron Bridge Rd,Chester,VA,N/A,N/A,#2F4A6D,N/A,N/A,Equipment Rental
United Rentals - Sterling,N/A,Michael Chaney,(703) 327-2800,N/A,23535 Overland Drive,Sterling,VA,N/A,N/A,#2F4A6D,N/A,N/A,Equipment Rental
United Rentals - Roanoke,N/A,Michael Damiano,(540) 345-8665,N/A,1238 Orange Ave,Roanoke,VA,N/A,N/A,#2F4A6D,N/A,N/A,Equipment Rental
United Rentals - Charlottesville,N/A,Christopher Caole,(434) 977-8196,N/A,1745 Avon Street Ext,Charlottesville,VA,N/A,N/A,#2F4A6D,N/A,N/A,Equipment Rental
United Rentals - Newport News,N/A,Waylon Wakefield,(757) 874-5013,N/A,600 Industrial Park,Newport News,VA,N/A,N/A,#2F4A6D,N/A,N/A,Equipment Rental
United Rentals - Triangle,N/A,Sunny Thapa,(703) 221-4000,N/A,18309 Richmond Hwy,Triangle,VA,N/A,N/A,#2F4A6D,N/A,N/A,Equipment Rental
United Rentals - Richmond,N/A,Charles Drummond,(804) 233-7368,N/A,1500 Commerce Rd,Richmond,VA,N/A,N/A,#2F4A6D,N/A,N/A,Equipment Rental
United Rentals - Richmond,N/A,Charles Drummond,(804) 288-0018,N/A,6520 W Broad St,Richmond,VA,N/A,N/A,#2F4A6D,N/A,N/A,Equipment Rental
United Rentals - Virginia Beach,N/A,Jason Guida,(757) 974-0200,N/A,1344 Taylor Farm Rd,Virginia Beach,VA,N/A,N/A,#2F4A6D,N/A,N/A,Equipment Rental
United Rentals - State College,N/A,Jeffrey Knott,(814) 237-3325,N/A,1005 W College Ave,State College,PA,N/A,N/A,#2F4A6D,N/A,N/A,Equipment Rental
United Rentals - Washington,N/A,Andrea Mueller,(724) 225-6200,N/A,1600 Jefferson Ave,Washington,PA,N/A,N/A,#2F4A6D,N/A,N/A,Equipment Rental
United Rentals - Lancaster,N/A,John Aversa,(717) 393-8969,N/A,1550 Commerce Dr,Lancaster,PA,N/A,N/A,#2F4A6D,N/A,N/A,Equipment Rental
United Rentals - Duncansville,N/A,Jeffrey Knott,(814) 696-4151,N/A,667 Broad St,Duncansville,PA,N/A,N/A,#2F4A6D,N/A,N/A,Equipment Rental
United Rentals - Allentown,N/A,Michael Lynn,(610) 791-9870,N/A,2201 28th St SW,Allentown,PA,N/A,N/A,#2F4A6D,N/A,N/A,Equipment Rental
United Rentals - Clairton,N/A,David Kline,(412) 226-6010,N/A,221 State St,Clairton,PA,N/A,N/A,#2F4A6D,N/A,N/A,Equipment Rental
United Rentals - Oakdale,N/A,Ronald Cooper,(724) 695-9293,N/A,2000 Imperial Industrial Park,Oakdale,PA,N/A,N/A,#2F4A6D,N/A,N/A,Equipment Rental
United Rentals - Butler,N/A,David Ferroni,(724) 586-5500,N/A,601 Pittsburgh Rd,Butler,PA,N/A,N/A,#2F4A6D,N/A,N/A,Equipment Rental
United Rentals - Mechanicsburg,N/A,Larry Heagy,(717) 766-4713,N/A,825 Gettysburg Rd,Mechanicsburg,PA,N/A,N/A,#2F4A6D,N/A,N/A,Equipment Rental
United Rentals - Philadelphia,N/A,Michael Myers,(215) 744-4510,N/A,3880 E. Thompson St,Philadelphia,PA,N/A,N/A,#2F4A6D,N/A,N/A,Equipment Rental
United Rentals - York,N/A,Justus Shearer,(717) 767-6448,N/A,4 Interchange Pl,York,PA,N/A,N/A,#2F4A6D,N/A,N/A,Equipment Rental
United Rentals - Hanover Twp,N/A,Michael Biesecker,(570) 825-4786,N/A,2225 Sans Souci Parkway,Hanover Twp,PA,N/A,N/A,#2F4A6D,N/A,N/A,Equipment Rental
United Rentals - Montoursville,N/A,Brian McLauchlin,(570) 601-4484,N/A,2968 Barneys Dr,Montoursville,PA,N/A,N/A,#2F4A6D,N/A,N/A,Equipment Rental
United Rentals - Conshohocken,N/A,Kenneth Murphy,(610) 279-5777,N/A,1010 Conshohocken Rd,Conshohocken,PA,N/A,N/A,#2F4A6D,N/A,N/A,Equipment Rental
United Rentals - Eddystone,N/A,Brian Bartoszek,(610) 497-2290,N/A,3000 Industrial Highway,Eddystone,PA,N/A,N/A,#2F4A6D,N/A,N/A,Equipment Rental
United Rentals - West Chester,N/A,Louis Sordini,(610) 942-0482,N/A,800 E Virginia Ave,West Chester,PA,N/A,N/A,#2F4A6D,N/A,N/A,Equipment Rental
United Rentals - Allentown,N/A,Wayne Lenhart,(484) 551-5000,N/A,211 Lloyd St,Allentown,PA,N/A,N/A,#2F4A6D,N/A,N/A,Equipment Rental
United Rentals - Utica,N/A,Jason Schelle,(586) 731-7070,N/A,12000 23 Mile Road,Utica,MI,N/A,N/A,#2F4A6D,N/A,N/A,Equipment Rental
United Rentals - Saginaw,N/A,Alex Payne,(989) 900-0730,N/A,2805 Diesel Park Dr,Saginaw,MI,N/A,N/A,#2F4A6D,N/A,N/A,Equipment Rental
United Rentals - Negaunee,N/A,Bobby Johnson,(906) 225-7346,N/A,363 East US 41,Negaunee,MI,N/A,N/A,#2F4A6D,N/A,N/A,Equipment Rental
United Rentals - Romulus,N/A,Daniel Dewar,(734) 955-9291,N/A,13461 Huron River Drive,Romulus,MI,N/A,N/A,#2F4A6D,N/A,N/A,Equipment Rental
United Rentals - Grand Rapids,N/A,Daniel Flynn,(616) 364-7031,N/A,2122 Turner Ave. NW,Grand Rapids,MI,N/A,N/A,#2F4A6D,N/A,N/A,Equipment Rental
United Rentals - Lansing,N/A,Richard Toaso,(517) 318-0729,N/A,3524 Canal Road,Lansing,MI,N/A,N/A,#2F4A6D,N/A,N/A,Equipment Rental
United Rentals - Huntington,N/A,Caleb Adams,(304) 429-1260,N/A,1501 Jackson Ave,Huntington,WV,N/A,N/A,#2F4A6D,N/A,N/A,Equipment Rental
United Rentals-Bridgeport,N/A,Mark Garrison,304-848-3910,N/A,1978 Meadowbrook Rd.,Bridgeport,WV,N/A,N/A,#2F4A6D,N/A,N/A,Equipment Rental
United Rentals- Beckley,N/A,David Vincent,304-255-6785,N/A,307 N Eisenhower Dr.,Beckley,WV,N/A,N/A,#2F4A6D,N/A,N/A,Equipment Rental
United Rentals-Cross Lanes,N/A,Steven Tankersley,304-776-7158,N/A,573 New Goff Mountain Rd.,Cross Lanes,WV,N/A,N/A,#2F4A6D,N/A,N/A,Equipment Rental
United Rentals -Princeton,N/A,Albert Minter,304-487-3809,N/A,319 Oakvale Rd.,Princeton,WV,N/A,N/A,#2F4A6D,N/A,N/A,Equipment Rental
Columbus Equipment Co,N/A,Corp. Office,614-443-6541,info@columbusequipment.com,2323 Performance Way,Columbus,OH,N/A,N/A,#2F4A6D,N/A,N/A,Equipment Rental
Cadiz,N/A,N/A,740-942-8871,info@columbusequipment.com,290 Old Steubenville Pike,Cadiz,OH,N/A,N/A,#2F4A6D,N/A,N/A,Equipment Rental
Cincinnati,N/A,N/A,513-771-3922,info@columbusequipment.com,712 Shepherd Ave.,Cincinnati ,OH,N/A,N/A,#2F4A6D,N/A,N/A,Equipment Rental
Dayton,N/A,N/A,937-879-3154,info@columbusequipment.com,7570 New Carlisle Pike,Dayton,OH,N/A,N/A,#2F4A6D,N/A,N/A,Equipment Rental
Massillon,N/A,N/A,330-833-2420,info@columbusequipment.com,2200 Venture Circle SE,Massillon,OH,N/A,N/A,#2F4A6D,N/A,N/A,Equipment Rental
Piketon,N/A,N/A,740-289-3757,info@columbusequipment.com,3668 US Route 23 South,Piketon,OH,N/A,N/A,#2F4A6D,N/A,N/A,Equipment Rental
Richfield,N/A,N/A,330-659-6681,info@columbusequipment.com,3942 Brecksville Rd.,Richfield,OH,N/A,N/A,#2F4A6D,N/A,N/A,Equipment Rental
Perrysburg,N/A,N/A,419-872-7101,info@columbusequipment.com,12500 Williams Rd.,Perrysburg,OH,N/A,N/A,#2F4A6D,N/A,N/A,Equipment Rental
Zanesville,N/A,N/A,740-455-4036,info@columbusequipment.com,818 Lee St.,Zanesville,OH,N/A,N/A,#2F4A6D,N/A,N/A,Equipment Rental
ABC Equipment,N/A,N/A,N/A,N/A,N/A,N/A,N/A,N/A,N/A,#2F4A6D,N/A,N/A,Equipment Rental
Brunswick Store,N/A,N/A,330-220-4545,N/A,29 Pearl Rd.,Brunswick,OH,N/A,N/A,#2F4A6D,N/A,N/A,Equipment Rental
Avon Store,N/A,N/A,440-934-7368,N/A,38525 Chester Rd.,Avon,OH,N/A,N/A,#2F4A6D,N/A,N/A,Equipment Rental
Sunbelt Rentals,N/A,N/A,N/A,N/A,N/A,N/A,N/A,N/A,N/A,#2F4A6D,N/A,N/A,Equipment Rental
Cleveland,N/A,N/A,216-415-3230,pcm361@sunbeltrentals.com,18200 S Waterloo Rd.,Cleveland,OH,N/A,N/A,#2F4A6D,N/A,N/A,Equipment Rental
Peninsula,N/A,N/A,330-650-9090,pcm212@sunbeltrentals.com,5162 Akron Cleveland Rd.,Peninsula,OH,N/A,N/A,#2F4A6D,N/A,N/A,Equipment Rental
Cortland,N/A,N/A,330-372-5100,pcm1080@sunbeltrentals.com,2229 State Route 5,Cortland,OH,N/A,N/A,#2F4A6D,N/A,N/A,Equipment Rental
Cleveland,N/A,N/A,216-362-0300,pcm242@sunbeltrentals.com,13800 Brookpark Rd.,Cleveland,OH,N/A,N/A,#2F4A6D,N/A,N/A,Equipment Rental
Akron,N/A,N/A,330-724-2100,pcm1110@sunbeltrentals.com,676 E Waterloo Rd.,Akron,OH,N/A,N/A,#2F4A6D,N/A,N/A,Equipment Rental
Hermitage,N/A,N/A,724-981-5800,pcm1875@sunbeltrentals.com,2976 E State St,Hermitage,PA,N/A,N/A,#2F4A6D,N/A,N/A,Equipment Rental
Elyria,N/A,N/A,440-324-1855,pcm552@sunbeltrentals.com,6438 Lorain Blvd.,Elyria,OH,N/A,N/A,#2F4A6D,N/A,N/A,Equipment Rental
Canton,N/A,N/A,330-305-5200,ethan.zerk@sunbeltrentals.com,2600 Harrison Ave NW,Canton,OH,N/A,N/A,#2F4A6D,N/A,N/A,Equipment Rental
Meadville,N/A,N/A,814-336-2336,pcm1481@sunbeltrentals.com,1355 S Main St.,Meadville,PA,N/A,N/A,#2F4A6D,N/A,N/A,Equipment Rental
New Castle,N/A,N/A,724-658-2400,alex.kilgore@sunbeltrentals.com,3587 Clover Ln.,New Castle,PA,N/A,N/A,#2F4A6D,N/A,N/A,Equipment Rental
Warrendale,N/A,N/A,724-553-7335,shaun.byrne@sunbeltrentals.com,215 Thorn Hill Rd.,Warrendale,PA,N/A,N/A,#2F4A6D,N/A,N/A,Equipment Rental
Ontario,N/A,N/A,419-747-1000,pcm209@sunbeltrentals.com,2145 Walker Lake Rd.,Ontario,OH,N/A,N/A,#2F4A6D,N/A,N/A,Equipment Rental
Pittsburgh,N/A,N/A,412-364-8630,pcm238@sunbeltrentals.com,5700 Grand Ave.,Pittsburgh,PA,N/A,N/A,#2F4A6D,N/A,N/A,Equipment Rental
Imperial,N/A,N/A,724-227-3070,pcm1618@sunbeltrentals.com,40 Pattridge Ln.,Imperial,PA,N/A,N/A,#2F4A6D,N/A,N/A,Equipment Rental
Atlantic Equipment,N/A,N/A,800-543-3350,info@atlanticeq.com,146 Railroad St.,Revere,MA,N/A,N/A,#2F4A6D,N/A,N/A,Equipment Rental
Beltsville,N/A,N/A,240-621-1701,Cthompson@atlanticeq.com,"12104 Indian Creek Court, Suite H",Beltsville,MD,N/A,N/A,#2F4A6D,N/A,N/A,Equipment Rental
Tampa,N/A,N/A,813-820-1181,wphaneuf@atlanticeq.com,4764 Distribution Dr Floor 1,Tampa,FL,N/A,N/A,#2F4A6D,N/A,N/A,Equipment Rental
Orlando,N/A,N/A,800-331-2134,britchings@atlanticeq.com,1801 Acme St.,Orlando,FL,N/A,N/A,#2F4A6D,N/A,N/A,Equipment Rental
Albany,N/A,N/A,518-729-5527,hedwards@atlanticeq.com,21 Railroad Ave Suit B ,Albany,NY,N/A,N/A,#2F4A6D,N/A,N/A,Equipment Rental
The Shelly Company,N/A,N/A,N/A,info@shellyco.com,N/A,N/A,N/A,N/A,N/A,#2F5D50,N/A,N/A,Asphalt Plant
Alliance Rail Office,Aggregates,Hannah Lightener,(216) 618-1945,Hannah.Lightener@shellyco.com,2000 Beeson Street,Alliance,OH  44601,N/A,N/A,#2F5D51,N/A,N/A,Asphalt Plant
Athens Office/Facility,Ready Mix,Nick Hayek ,(740) 516-5651,N/A,5240 Hebbardsville Road,Athens,OH  45701,N/A,N/A,#2F5D52,N/A,N/A,Asphalt Plant
Auglaize Office/Facility,"aggregates, aglime",Dale Mathew ,(419) 303-5431,N/A,13762 Road 179,Oakwood,OH  ,N/A,N/A,#2F5D53,N/A,N/A,Asphalt Plant
Bedford Hts Office/Facility,"aggregates, aglime",Hannah Lightener,(216) 618-1945,N/A,5444 Perkins Road,Bedford Hts,OH  44146,N/A,N/A,#2F5D54,N/A,N/A,Asphalt Plant
Belle Center Office/Facilities,"aggregates, asphalt",Shawn Scott,(419) 466-8750,N/A,1558 County Road 105,Belle Center ,OH  43310,N/A,N/A,#2F5D55,N/A,N/A,Asphalt Plant
Belpre Ofice/Facility,"Aggregates, Ready mix",Nick Hayek ,(740) 516-5651,N/A,1680 St. Rte. 618,Belpre,OH  45714,N/A,N/A,#2F5D56,N/A,N/A,Asphalt Plant
Brunswick Office/Facility,Ready Mix,Hal Lane                 Jack Shear, (330) 801-9980     (330) 321-8095,N/A,1501 Industrial Pkwy South,Brunswick,OH  44212,N/A,N/A,#2F5D57,N/A,N/A,Asphalt Plant
Buckland Office/Facility,Asphalt,Dale Mathew  ,(419)303-5431,N/A,18429 Main Street Road,Buckland,OH  45895,N/A,N/A,#2F5D58,N/A,N/A,Asphalt Plant
Cadiz Office/Facility,Ready Mix, Brian Shepherd , (330) 607-0228,N/A,8799 Toot Road,Cadiz,OH  43907,N/A,N/A,#2F5D59,N/A,N/A,Asphalt Plant
Cambridge Office/Facility,Ready Mix,Jeff Griffith , (740) 516-4330,N/A,61539 Southgate Pkwy,Cambridge,OH  43725,N/A,N/A,#2F5D60,N/A,N/A,Asphalt Plant
Canton Aggregate,Aggregates,Hannah Lightener,(216) 618-1945,N/A,2905 Columbus Rd NE,Canton,OH  ,N/A,N/A,#2F5D61,N/A,N/A,Asphalt Plant
Cardinal Office/Facility,Aggregates,Sam Schmitz ,(419) 392-2091,N/A,8026 Fremont Pike,Perrysburg,OH  43551,N/A,N/A,#2F5D62,N/A,N/A,Asphalt Plant
Carey Office/Facility,"Aggregates, aglime",Shawn Scott,(419) 466-8750,N/A,1794 County Hwy 99,Carey,OH  ,N/A,N/A,#2F5D63,N/A,N/A,Asphalt Plant
Carrollton Office/Facility,Ready Mix,Dale Mathew ,(419) 303-5431,N/A,1031 Kensington Road NE,Carrollton,OH  44615,N/A,N/A,#2F5D64,N/A,N/A,Asphalt Plant
Celina Office/Facility,"Aggregates, aglime, asphalt",Dale Mathew ,(419) 303-5431,N/A,6430 Karch Road,Celina,OH  ,N/A,N/A,#2F5D65,N/A,N/A,Asphalt Plant
Chillicothe Office/Facilities,"aggregates,            asphalt",Randy Grooms            Troy Stegner ,740) 775-3751                 (614) 437-2359,N/A,1177 Hopetown Road,Chillicothe,OH,N/A,N/A,#2F5D66,N/A,N/A,Asphalt Plant
Circleville Office/Facility,Asphalt,Troy Stegner ,(614) 437-2359,N/A,24537 Canal Road,Circleville,OH ,N/A,N/A,#2F5D67,N/A,N/A,Asphalt Plant
Clay Center Office/Facility,"Aggregates, aglime",Sam Schmitz ,(419) 392-2091,N/A,3800 North Bolander Road,Clay Center,OH  43408,N/A,N/A,#2F5D68,N/A,N/A,Asphalt Plant
Cleveland Harrison Office/Facility,Asphalt,Jeremy Mantz,(330)-405-7677,N/A,650 Harrison Street,Cleveland,OH  44113,N/A,N/A,#2F5D69,N/A,N/A,Asphalt Plant
Cleveland West 150th Office Facility,Asphalt,Hannah Lightener,(216) 618-1945,N/A,4900 West 150th,Cleveland,OH  44135,N/A,N/A,#2F5D70,N/A,N/A,Asphalt Plant
Cleveland West 3rd Office/Facility,N/A,Hannah Lightener,(216) 618-1945,N/A,2214 West 3rd Street,Cleveland,OH  44113,N/A,N/A,#2F5D71,N/A,N/A,Asphalt Plant
Columbus Area Hard Fill,Aggregates,Ed Beach ,(614) 437-2325,N/A,2506 Jackson Pike,Columbus,OH  43223,N/A,N/A,#2F5D72,N/A,N/A,Asphalt Plant
Columbus Limestone Office/Facility,Aggregates,Jake Bush          Shawn Scott ,(740) 739-1654                  (419) 466-8750,N/A,3300 Jackson Pike,Grove City,OH  43123,N/A,N/A,#2F5D73,N/A,N/A,Asphalt Plant
Copley Office/Facilities,"aggregates, asphalt",Hannah Lightener,(216) 618-1945,N/A,3350 Sawmill Road,Akron(Copley),OH  44321,N/A,N/A,#2F5D74,N/A,N/A,Asphalt Plant
Coshocton Office/Facilities,Aggregates            Asphalt                   Ready mix,Todd Achauer                Troy Stegner            Jeff Griffith,(740) 819-3506      (614) 437-2359      (740) 516-4330,N/A,45500 County Road 23,Coshocton,OH  ,N/A,N/A,#2F5D75,N/A,N/A,Asphalt Plant
Cumberland Limestone,"Aggregates, Aglime",Todd Achauer,(740)819-3506,N/A,53681 Spencer Road,Cumberland,OH  43732,N/A,N/A,#2F5D76,N/A,N/A,Asphalt Plant
Derwent Office/Facility,Aggregates,Matt Ross              Todd Achauer,(740)253-0533         (740)819-3506,N/A,11167 Clay Pike Road,Derwent,OH  43733,N/A,N/A,#2F5D77,N/A,N/A,Asphalt Plant
Dorr Street Office/Facility,Asphalt,Scott Rychener, (419) 466-5387,N/A,2435 Dorr Street,Toledo,OH  43607,N/A,N/A,#2F5D78,N/A,N/A,Asphalt Plant
Dover Office/Facility,Ready Mix,Brian Shepherd ,(330) 607-0228,N/A,142 South Tuscarawas Avenue,Dover,OH  44622,N/A,N/A,#2F5D79,N/A,N/A,Asphalt Plant
Dover Ready Mix Concrete Div.,Division Office,N/A,(330) 364-4411,N/A,2301 Progress Steet,Dover,OH  44622,N/A,N/A,#2F5D80,N/A,N/A,Asphalt Plant
East Fultonham Office/Facilities,Aggregates             asphalt                 aglime                ,Todd Achauer         Troy Stegner           sales,(740) 819-3506               (614) 437-2359              (740) 849-2338,todd.achauer@shellyco.com,6305 Saltillo Road,East Fultonham,OH   43735,N/A,N/A,#2F5D81,N/A,N/A,Asphalt Plant
Findlay Office/Facility,Asphalt,Scott Rychener, (419) 466-5387,N/A,10148 County Road 313,Findlay,OH  ,N/A,N/A,#2F5D82,N/A,N/A,Asphalt Plant
Forest Office/Facility,"Aggregates, Aglime",Shawn Scott,(419) 466-8750,N/A,3798 St Rt 53,Forest,OH  45843,N/A,N/A,#2F5D83,N/A,N/A,Asphalt Plant
Frank Road Office/Facility,Asphalt,Troy Stegner , (614) 437-2359,N/A,395 Frank Road,Columbus,OH ,N/A,N/A,#2F5D84,N/A,N/A,Asphalt Plant
Gallipolis Office/Facility,Asphalt,Troy Stegner , (614) 437-2359,N/A,1248 St. Rte. 7,Gallipolis,OH ,N/A,N/A,#2F5D85,N/A,N/A,Asphalt Plant
Genoa Office/Facility,Aggregates,Sam Schmitz ,(419) 392-2091,N/A,677 S. Genoa Clay Center Road,Genoa,OH  43430,N/A,N/A,#2F5D86,N/A,N/A,Asphalt Plant
Hillsboro Office/Facility,Asphalt,Troy Stegner , (614) 437-2359,N/A,4301 Roush Road,Hillsboro,OH,N/A,N/A,#2F5D87,N/A,N/A,Asphalt Plant
Kent Office/Facilities,"Aggregates, Asphalt",Hannah Lightener,(216) 618-1945,N/A,1181 Cherry Street,Kent,OH  44240,N/A,N/A,#2F5D88,N/A,N/A,Asphalt Plant
Lancaster Office/Facilities,Aggregates        Asphalt,Ed Beach                Troy Stegner,(614) 437-2325            (614) 437-2359,N/A,3232 Logan-Lancaster Rd,Lancaster,OH,N/A,N/A,#2F5D89,N/A,N/A,Asphalt Plant
Lima Office/Facility,Asphalt,Dale Mathew ,(419) 303-5431,N/A,600 North Sugar Street,Lima,OH  45801,N/A,N/A,#2F5D90,N/A,N/A,Asphalt Plant
Lockbourne Sand & Gravel,Aggregates,Jake Bush                Jay Garrison     , (614) 437-2325               (614) 437-2311,N/A,550 Rowe Road,Lockbourne,OH  43137,N/A,N/A,#2F5D91,N/A,N/A,Asphalt Plant
Lucasville Office/Facility,Asphalt,Troy Stegner , (614) 437-2359,N/A,851 West Scioto Street,Lucasville,OH  ,N/A,N/A,#2F5D92,N/A,N/A,Asphalt Plant
Marble Cliff Office/Facility,Aggregates        Asphalt,Jake Bush         Shawn Scott, (740) 739-1654   (419) 466-8750   ,N/A,2650 Old Dublin Road,Hilliard,OH  ,N/A,N/A,#2F5D93,N/A,N/A,Asphalt Plant
Marietta Office/Facility,Aggregates            Ready Mix,Phil Parsons                       Nick Hayek, (740) 516-5614           (740) 516-5651,N/A,26650 St. Rte. 7,Marietta,OH  45750,N/A,N/A,#2F5D94,N/A,N/A,Asphalt Plant
Massillon Office/Facility,"Aggregates, Asphalt",Hannah Lightener,(216) 618-1945,N/A,390 Warmington Road SW,Massillon,OH  44646,N/A,N/A,#2F5D95,N/A,N/A,Asphalt Plant
Massillon Office/Facility,Ready Mix,Todd Eckert             Carl Edwards, (330) 962-6395                       (330) 321-8084,N/A,1817 Riverside Avenue NW,Massillon,OH  44647,N/A,N/A,#2F5D96,N/A,N/A,Asphalt Plant
Maumee Office/Facilities,"Aggregate, Aglime         Asphalt            ReadyMix",Scott Rychener           Sam Schmitz             Sam Brauen ,(419) 466-5387            (419) 392-2091         (419)-341-3584,N/A,1360 Ford Street,Maumee,OH  43537,N/A,N/A,#2F5D97,N/A,N/A,Asphalt Plant
Maysville Limestone,Aggregates,Todd Achauer,(740)819-3506,N/A,6535 Old Town Road,Mount Perry,OH  43760,N/A,N/A,#2F5D98,N/A,N/A,Asphalt Plant
Medina Office/Facilities,Aggregates          Ready mix,Ted Helton                Hal Lane                  Jack Shear ,(330) 603–6531            (330) 801-9980         (330) 321-8095,N/A,820 West Smith Road,Medina,OH  44256,N/A,N/A,#2F5D99,N/A,N/A,Asphalt Plant
North Jackson Office/Facility,Asphalt,Hannah Lightener,(216) 618-1945,N/A,1661 North Bailey Road,North Jackson,OH  44451,N/A,N/A,#2F5D100,N/A,N/A,Asphalt Plant
Noth Ridgeville Office/Facility,Ready Mix, Hal Lane                  Jack Shear ,(330) 801-9980         (330) 321-8095,N/A,7725 Race Road,North Ridgeville,OH  44035,N/A,N/A,#2F5D101,N/A,N/A,Asphalt Plant
Ostrander Office/Facilities,Aggregates         Asphalt,Jake Bush                     Shawn Scott,(740) 739-1654        (419) 466-8750,N/A,8328 Watkins Road,Ostrander,OH  43061,N/A,N/A,#2F5D102,N/A,N/A,Asphalt Plant
Peebles Office/Facility,Asphalt,Troy Stegner , (614) 437-2359,N/A,848 Plum Run Road,Peebles,OH  ,N/A,N/A,#2F5D103,N/A,N/A,Asphalt Plant
Petersburg Office/Facility,Aggregates,Hannah Lightener,(216) 618-1945,N/A,13484 Youngstown-Pittsburgh Rd,Petersburg,OH  44454,N/A,N/A,#2F5D104,N/A,N/A,Asphalt Plant
Piketon Office/Facility,Asphalt,Troy Stegner , (614) 437-2359,N/A,5732 Wakefield Mound Rd,Piketon,OH,N/A,N/A,#2F5D105,N/A,N/A,Asphalt Plant
Portage Asphalt Office/Facility,Asphalt,Scott Rychener, (419) 466-5387,N/A,12570 Greensburg Pike,Portage,OH  43451,N/A,N/A,#2F5D106,N/A,N/A,Asphalt Plant
Portage Quarry Office/Facility,"Aggregates, aglime",Sam Schmitz ,(419) 392-2091,N/A,11580 South Dixie Hwy,Portage,OH  43451,N/A,N/A,#2F5D107,N/A,N/A,Asphalt Plant
Portland Office/Facility,Aggregates,Phil Parsons,(740) 516-5614,N/A,54301 McDade Road,Portland,OH,N/A,N/A,#2F5D108,N/A,N/A,Asphalt Plant
Reedsville Office/Facility,Aggregates,Phil Parsons,(740) 516-5615,N/A,64584 St. Rte. 124,Reedsville,OH,N/A,N/A,#2F5D109,N/A,N/A,Asphalt Plant
Scioto Materials-St Louisville Ofc/Fac,Asphalt,Troy Stegner , (614) 437-2359,N/A,9134 Mt. Vernon Rd.,St Louisville,OH  43071,N/A,N/A,#2F5D110,N/A,N/A,Asphalt Plant
Scioto Materials-Westerville Ofc/Fac,Asphalt,Troy Stegner , (614) 437-2359,N/A,6189 Westerville Rd.,Westerville,OH  ,N/A,N/A,#2F5D111,N/A,N/A,Asphalt Plant
Scott Office/Facility,"Aggregates, Aglime",Dale Mathew ,(419) 303-5431,N/A,2364 Richey Road,Convoy,OH,N/A,N/A,#2F5D112,N/A,N/A,Asphalt Plant
Shalersville Office/Facility,Aggregates,Jeremy Mantz ,(330)-405-7677,N/A,3943 Beck Road,Mantua,OH  44255,N/A,N/A,#2F5D113,N/A,N/A,Asphalt Plant
South Bloomfield,Aggregates,Jake Bush                     Shawn Scott,(740) 739-1654        (419) 466-8750,N/A,1839 Weigand Road,Lockbourne,OH  43137,N/A,N/A,#2F5D114,N/A,N/A,Asphalt Plant
Springfield Office/Facility,Asphalt,Shawn Scott,(419) 466-8750,N/A,4301 Suth Charleston Pike,Springfield,OH  45502,N/A,N/A,#2F5D115,N/A,N/A,Asphalt Plant
St. Louisville Office/Facility,Aggregates,Jake Bush                     Shawn Scott,(740) 739-1654        (419) 466-8750,N/A,6824 Mt. Vernon Rd.,Newark,OH  ,N/A,N/A,#2F5D116,N/A,N/A,Asphalt Plant
Stickney Avenue,Ready Mix,Sam Brauen ,(419)341-3584,N/A,4950 Stickney Avenue,Toledo,OH  43612,N/A,N/A,#2F5D117,N/A,N/A,Asphalt Plant
Streetsboro Office/Facilities,"Aggreggates, Asphalt",Hannah Lightener,(216) 618-1945,N/A,8505 St. Rte. 14,Reynoldsburg,OH,N/A,N/A,#2F5D118,N/A,N/A,Asphalt Plant
Tiltonsville Ready Mix Concredt,Ready Mix, Jeff Griffith,(740) 516-4330,N/A,202 Walden Avenue,Tiltonsville,OH  43963,N/A,N/A,#2F5D119,N/A,N/A,Asphalt Plant
Twinsburg Office/Facility,Ready Mix,Todd Eckert ,(330) 962-6395,N/A,1516 Highland Road,Twinsburg,OH  44087,N/A,N/A,#2F5D120,N/A,N/A,Asphalt Plant
Twinsburg Rail Office/Facility,Aggregates,Hannah Lightener,(216) 618-1945,N/A,8530 Boyle Pkwy,Twinsburg,OH,N/A,N/A,#2F5D121,N/A,N/A,Asphalt Plant
West 130 Cleveland Rail Ofc/Fac,Aggregates,Jeremy Mantz,(330)-405-7677,N/A,4431 West 130th Street,Cleveland,OH,N/A,N/A,#2F5D122,N/A,N/A,Asphalt Plant
Willow Island/Reno Ofc/Facility,Aggregates,Phil Parsons ,(740) 516-5614,N/A,30222 St. Rte. 7,Marietta,OH,N/A,N/A,#2F5D123,N/A,N/A,Asphalt Plant
Woodville Asphalt Office/Facility,Asphalt,Scott Rychener ,419) 466-5387,N/A,677 Lime Road,Woodville,OH  43469,N/A,N/A,#2F5D124,N/A,N/A,Asphalt Plant
York Center Office/Facility,"Aggregates, Aglime",Shawn Scott ,(419) 466-8750,N/A,28855 St. Rte 739,West Mansfield,OH  ,N/A,N/A,#2F5D125,N/A,N/A,Asphalt Plant
Zanesville Office/Facility,Ready Mix,Jeff Griffith ,(740) 516-4330,N/A,1835 West Main Street,Zanesville,OH  43701,N/A,N/A,#2F5D126,N/A,N/A,Asphalt Plant
N/A,N/A,N/A,N/A,N/A,N/A,N/A,N/A,N/A,N/A,#2F5D127,N/A,N/A,Asphalt Plant
Northeast Paving Div. Eurovia Atlantic Coast,Asphalt,N/A,N/A,N/A,17 New Ludlow Road,Granby,MA  01033,N/A,N/A,#2F5D128,N/A,N/A,Asphalt Plant
"All States Asphalt, Inc.",N/A,HQ,800-343-9620,info@asmg.com,325 Amherst Road,Sunderland,MA  01375,N/A,N/A,#2F5D129,N/A,N/A,Asphalt Plant
"Peckham Industries, Inc",N/A,N/A,N/A,N/A,172 ospect Hill Rd. ,Brewster,NY  10509,N/A,N/A,#2F5D130,N/A,N/A,Asphalt Plant
Northeast Asphalt,N/A,N/A,N/A,N/A,2500 Cold Spring Rd.,Appleton,WI  54914,N/A,N/A,#2F5D131,N/A,N/A,Asphalt Plant
Tri-County Asphalt Materials,N/A,N/A,N/A,N/A,405 Andrews Avenue,Youngstown,OH ,N/A,N/A,#2F5D132,N/A,N/A,Asphalt Plant
Allen Myers Locations:,N/A,N/A,N/A,N/A,"PO Box 1340, 1805 Berks Rd",Worcester,PA  19490,N/A,N/A,#2F5D133,Corporate ,N/A,Asphalt Plant
Aberdeen,"Asphalt, Aggregate",Scott Croney,443-506-9426,scott.croney@allanmyers.com,910 Old Philadelphia Rd,Abedeen,MD  21001,N/A,N/A,#2F5D134,Plant,N/A,Asphalt Plant
Bishop,Asphalt,Michael Gygrynuk,302-218-6815,michael.gygrynuk@allanmyers.com,10031 Kepler Lane,Bishopville,MD  21813,N/A,N/A,#2F5D135,N/A,N/A,Asphalt Plant
"Capital, DC",Asphalt,Rafael Gonzalez,571-643-5397,rafael.gonzalez@allanmyers.com,4901 Shepherd Pkwy SW,Washington DC,DC  20032,N/A,N/A,#2F5D136,N/A,N/A,Asphalt Plant
Cedar Hill,Quarry,Sandy Jones           Joe Buckley,443-571-0752           610-222-3178,sandy.jones@allanmyers.com Joe.Buckley@allanmyers.com,219 Quarry Road,Peach Bottom,PA  17563,N/A,N/A,#2F5D137,N/A,N/A,Asphalt Plant
Chesapeake,Asphalt,Ricky Thomas   Mke Menkins,757-582-8519            610-560-4923,Ricky.Thomas@allanmyers.com,5300 Bainbridge Blvd,Chesapeake,VA  23320,N/A,N/A,#2F5D138,N/A,N/A,Asphalt Plant
Coatesville,Asphalt,Greg Atkinson        Mike Menkins,610-560-7912          610-560-4923,greg.atkinson@allanmyers.com,410 Doe Run Rd.,Coatesville,PA  19320,N/A,N/A,#2F5D139,N/A,N/A,Asphalt Plant
Delmar,Asphalt,Michael Gygrnuk   Mike Menkins,302-218-6815        610-560-4923,michael.gygrynuk@allanmyers.com,8788 Patton Road,Delmar,MD  21875,N/A,N/A,#2F5D140,N/A,N/A,Asphalt Plant
Devault,Asphalt ,Greg Atkinson        Mike Menkins,610-560-7912          610-560-4923,greg.atkinson@allanmyers.com,"40456 State Rd, Rte 29 and Charlestown Rd",Devault,PA  19432,N/A,N/A,#2F5D141,N/A,N/A,Asphalt Plant
Dover,Asphalt,Michael Gygrnuk   Mike Menkins,302-218-6815        610-560-4923,michael.gygrynuk@allanmyers.com,3700 Bay Road,Dover,DE  19902,N/A,N/A,#2F5D142,N/A,N/A,Asphalt Plant
Elk Mills,Quarry,Jesse Betts               Joe Buckley,484-250-0378       610-222-3178,Jesse.Betts@allanmyers.com             Joe.Buckley@allanmyers.com,896 Elk Mill Road,Elk Mills,MD  21291,N/A,N/A,#2F5D143,Quarry,N/A,Asphalt Plant
Fredericksburg,Asphalt,Mike Purkey,804370-7770,Mike.Purkey@AllanMyers.com,382 Kings Hwy,Falmouth,VA  22405,N/A,N/A,#2F5D144,N/A,N/A,Asphalt Plant
Georgetown,Asphalt,Michael Gygrnuk   Mike Menkins,302-218-6815        610-560-4923,michael.gygrynuk@allanmyers.com,22351 Joseph Lane,Georgetown,DE  19947,N/A,N/A,#2F5D145,N/A,N/A,Asphalt Plant
Harleysville,Asphalt,Robert Boland       Greg Atkinson,484-678-9010     610-476-0680,robert.boland@allanmyers.com               greg.atkinson@allanmyers.com,460 Indian Creek Rd.,Harleysville,PA  19438,N/A,N/A,#2F5D146,N/A,N/A,Asphalt Plant
Jessup,Asphalt,Scott Croney         Mike Menkins,443-506-9426            610-560-4923,scott.croney@allanmyers.com,8375 Dorsey Run Road,Jessup,MD  20794,N/A,N/A,#2F5D147,N/A,N/A,Asphalt Plant
Leesburg,Asphalt,Rafael Gonzalez         Michael D. Menkins,571-643-5397         610-960-3151,Rafael.gonzalez@allanmyers.com,42050 Cochran Mill Road,Leesburg,VA  20175,N/A,N/A,#2F5D148,N/A,N/A,Asphalt Plant
New Kent,Asphalt,Glenn Muse        Mike Menkins,804-432-6662             610-560-4923,glenn.muse@allanmyers.com,7701 Parham Landing Rd,West Point,VA  23181,N/A,N/A,#2F5D149,N/A,N/A,Asphalt Plant
North East,Asphalt,Brian Hart             Mike Menkins,410-746-6512            610-560-4923,brian.hart@allanmyers.com,284 Quarry Road,Elkton,MD  21921,N/A,N/A,#2F5D150,N/A,N/A,Asphalt Plant
Paradise,Asphalt & Quarry,Greg Atkinson    Mike Menkins,610-476-0680            610-560-4973,greg.atkinson@allanmyers.com,47 Mcllvain Road,Paradise,PA  17562,N/A,N/A,#2F5D151,Quarry,N/A,Asphalt Plant
Petersburg,Asphalt,Glenn Muse        Mike Menkins,804-432-6662             610-560-4923,glenn.muse@allanmyers.com,2070 Bessemer Road,Petersburg,VA  23805,N/A,N/A,#2F5D152,N/A,N/A,Asphalt Plant
Powhatan,Asphalt,Mike Purkey         Mike Menkins,804-370-7770       610-560-4923,Mike.Purkey@AllanMyers.com,1920 Anderson Hwy,Powhatan,VA  23139,N/A,N/A,#2F5D153,N/A,N/A,Asphalt Plant
Reading,Asphalt,Robert Boland       Greg Atkinson,484-678-9010     610-476-0680,robert.boland@allanmyers.com               greg.atkinson@allanmyers.com,5662 Leesport Avenue,Reading,PA  19612,N/A,N/A,#2F5D154,N/A,N/A,Asphalt Plant
Rockville,Asphalt,Mike Purkey         Mike Menkins,804-370-7770       610-560-4923,Mike.Purkey@AllanMyers.com,2115 Ashland Road,Rockville,VA  23146,N/A,N/A,#2F5D155,N/A,N/A,Asphalt Plant
Wakefield,Asphalt,Glenn Muse,804-432-6662,Glenn.Muse@AllanMyers.com,33080 General Mahone Blvd,Wakefield,VA  23888,N/A,N/A,#2F5D156,N/A,N/A,Asphalt Plant
Wilmington,Asphalt,Brian Hart             Mike Menkins,410-746-6512       610-560-4923,brian.hart@allanmyers.com,1230 Railcar Ave.,Wilmington,DE  19802,N/A,N/A,#2F5D157,N/A,N/A,Asphalt Plant
"Commercial Asphalt Supply, Inc.",Asphalt,N/A,N/A,N/A,161 Plain Grove Road,Slippery Rock,PA  16057,N/A,N/A,#2F5D158,Plant,N/A,Asphalt Plant
Shields Asphalt Paving,Asphalt,N/A,N/A,N/A,161 Plain Grove Road,Slippery Rock,PA  16057,N/A,N/A,#2F5D159,Plant,N/A,Asphalt Plant
D & R Supply,Asphalt,N/A,N/A,N/A,18228 Fulton Road,Marshallville,OH  44645,N/A,N/A,#2F5D160,Plant,N/A,Asphalt Plant
Rupp Construction,Sand and gravel,N/A,N/A,N/A,18228 Fulton Road,Marshallville,OH  44645,N/A,N/A,#2F5D161,Plant,N/A,Asphalt Plant
HEI WAY,Asphalt,N/A,N/A,info@hei-way.com,290 North Pike Road ,Sarver, PA 16055,N/A,N/A,#2F5D162,Plant,N/A,Asphalt Plant
Cranberry Supply,Asphalt,N/A,N/A,N/A,8020 Rowan Road,Cranberry Twp,PA  16066,N/A,N/A,#2F5D163,Distributor,N/A,Asphalt Plant
"Building Products, Inc.",Asphalt,N/A,N/A,sales@buildingprods.com,136 23rd Street,Sharpsburg,PA 15215,N/A,N/A,#2F5D164,Distributor,N/A,Asphalt Plant
Georges Supply,Asphalt,N/A,N/A,N/A,3101 Brownsville Road,South Park Twp,PA  15129,N/A,N/A,#2F5D165,Distributor,N/A,Asphalt Plant
Kiefer Coal & Supply Co,Asphalt,N/A,N/A,N/A,5088 W. Library Ave.,Bethel Park,PA 15102,N/A,N/A,#2F5D166,Distributor,N/A,Asphalt Plant
Russell Brothers Building Supply,Asphalt,N/A,N/A,N/A,101 West Wylie Avenue,Washington,PA  15301,N/A,N/A,#2F5D167,Distributor,N/A,Asphalt Plant
Rt 40 Aggregates & Feed,Asphalt,N/A,N/A,rt40supply@gmail.com,800 National Pike West,Brownsille,PA  15417,N/A,N/A,#2F5D168,Distributor,N/A,Asphalt Plant
Snyder Excavating,Asphalt,N/A,N/A,N/A,2824 William Penn Avenue,Johnstown,PA  15909,N/A,N/A,#2F5D169,Distributor,N/A,Asphalt Plant
James W Gilliland Hauling,Asphalt,N/A,N/A,N/A,77 Auction Road,New Wilmington,PA  16142,N/A,N/A,#2F5D170,Distributor,N/A,Asphalt Plant
Berkey Excavating,Asphalt,Dave and Kevin Berkey,N/A,wemovetheearth@aol.com,524 Berkey Road,Boxwell,PA  15531,N/A,N/A,#2F5D171,Distributor,N/A,Asphalt Plant
McDonald Sand and Gravel,Asphalt,N/A,N/A,N/A,12559 Sanford Road,West Springfield,PA  16443,N/A,N/A,#2F5D172,Distributor,N/A,Asphalt Plant
"William Dickson Industries, Inc.",Asphalt,N/A,N/A,contact@williamdicksonindustries.com,133 Locust Road,St. Mary's,PA  15857,N/A,N/A,#2F5D173,Distributor,N/A,Asphalt Plant
"William Dickson Industries, Inc.",Asphalt,N/A,N/A,N/A,113 Lee Valley Road,Derry,PA  15627,N/A,N/A,#2F5D174,Distributor,N/A,Asphalt Plant
A. Marinelli & Sons,Asphalt,N/A,N/A,hello@marinelliandsons.com,Township Line Road,Darby,PA  19082,N/A,N/A,#2F5D175,Distributor,N/A,Asphalt Plant
Allied Landscape Supply,Asphalt,N/A,N/A,N/A,1752 Limekiln Pike,Dresher,PA  19025,N/A,N/A,#2F5D176,Distributor,N/A,Asphalt Plant
Allied Landscape Supply,Asphalt,N/A,N/A,N/A,200 Limerick Center Rd.,Limerick,PA 19468,N/A,N/A,#2F5D177,N/A,N/A,Asphalt Plant
Allied Landscape Supply,Asphalt,N/A,N/A,N/A,1425 E . Schuylkill Rd. Rt 724,Pottstown,PA 19465,N/A,N/A,#2F5D178,N/A,N/A,Asphalt Plant
Allied Landscape Supply,Asphalt,N/A,N/A,N/A,31 E 1st Ave.,Parkesburg,PA 19365,N/A,N/A,#2F5D179,N/A,N/A,Asphalt Plant
D & S Hauling-Stone Supply Yard,Asphalt,N/A,N/A,N/A,"191 Rte. 739, Dingmans Ferry", Dingmans Ferry,PA  18328,N/A,N/A,#2F5D180,Distributor,N/A,Asphalt Plant
JNA Materials,Asphalt,N/A,N/A,N/A,7147 Camphill Road,Whitemarsh,PA  19034,N/A,N/A,#2F5D181,Distributor,N/A,Asphalt Plant
M&W Precast & Construction,Asphalt,N/A,N/A,N/A,210 Durham Road,Ottsville,PA  18942,N/A,N/A,#2F5D182,Distributor,N/A,Asphalt Plant
"Petke Construction Co., Inc",Asphalt,N/A,N/A,petkes@petkeconstruction.com,2031 Jennie Scher Road,Richmond,VA  23232,N/A,N/A,#2F5D183,Distributor,N/A,Asphalt Plant
Martin Marietta,Asphalt,N/A,N/A,N/A,2725 Capital Dr.,Colorado Springs,CO 80915,N/A,N/A,#2F5D184,Plant,N/A,Asphalt Plant
Martin Marietta,Asphalt,N/A,N/A,N/A,925 North 35th Avenue,Greeley,CO 80631,N/A,N/A,#2F5D185,Plant,N/A,Asphalt Plant
S&K Asphalt Concrete,Asphalt,N/A,N/A,info@skasphaltconcrete.com,N/A,Akron,Ohio,N/A,N/A,#2F5D186,N/A,N/A,Asphalt Plant
Asphalt Materials Inc.,N/A,N/A,N/A,N/A,N/A,N/A,N/A,N/A,N/A,#2F5D187,N/A,N/A,Asphalt Plant
Columbus,Asphalt,Rich Cross,614-274-6767,rcross@asphalt-materials.com,3737 Fisher Rd.,Columbus,Ohio,N/A,N/A,#2F5D188,Plant,N/A,Asphalt Plant
Edison,Asphalt,David Neal,N/A,Dneal@asphalt-materials.com,219 1/2 West High Street P.O. Box 247,Edison,Ohio,N/A,N/A,#2F5D189,Plant,N/A,Asphalt Plant
Oregon,Asphalt,Douglas Kuiper,N/A,dkuiper@asphalt-materials.com,940 N. Wynn Rd.,Oregon,Ohio,N/A,N/A,#2F5D190,Plant,N/A,Asphalt Plant
Marietta,Asphalt,Brian Lawrence,N/A,bryan.lawrence@asphalt-materials .com,13925 State Road 7,Marietta,Ohio,N/A,N/A,#2F5D191,Plant,N/A,Asphalt Plant
HQ,Main Office,N/A,N/A,marketing@asphalt-materials.com,8720 Robbins Rd.,Indianapolis,Indiana,N/A,N/A,#2F5D192,N/A,N/A,Asphalt Plant
Indianapolis,Asphalt,Scott Hippert,317-550-9122,shippert@asphalt-materials.com,4902 W. 86th St.,Indianapolis,Indiana,N/A,N/A,#2F5D193,Plant,N/A,Asphalt Plant
Warsaw,Asphalt,Larry Chevalier,N/A,lchevalier@asphalt-materials.com,2820 E. Durbin St. ,Warsaw,Indiana,N/A,N/A,#2F5D194,Plant,N/A,Asphalt Plant
Laketon Refining Corp.,Asphalt,Ike Denton,260-568-1000,ike.denton@asphalt-materials.com,2784 Lukens Lake Rd.,Laketon,Indiana,N/A,N/A,#2F5D195,Plant,N/A,Asphalt Plant
Emulsicoat Mt. Vernon,N/A,Jeremy Dilley,217-240-0216,jdilley@asphalt-materials.com,1200 Old Hwy 69 S.,Mount Vernon,Indiana,N/A,N/A,#2F5D196,Plant,N/A,Asphalt Plant
Kokosing Materials,N/A,N/A,N/A,N/A,N/A,N/A,N/A,N/A,N/A,#2F5D197,N/A,N/A,Asphalt Plant
Woodville Plant,Asphalt,N/A,419-849-2456,kmisalesteam@kokosing.biz,875 East main St.,Woodville,Ohio,N/A,N/A,#2F5D198,Plant,N/A,Asphalt Plant
Sheffield Plant ,Asphalt,N/A,440-277-9740,kmisalesteam@kokosing.biz,4140 East River Rd.,Sheffield,Ohio,N/A,N/A,#2F5D199,Plant,N/A,Asphalt Plant
Columbia Station Plant,Asphalt,N/A,440-236-3869,kmisalesteam@kokosing.biz,13315 Hawke Rd.,Columbia Station,Ohio,N/A,N/A,#2F5D200,Plant,N/A,Asphalt Plant
Cleveland Plant,Asphalt,N/A,216-441-8892,kmisalesteam@kokosing.biz,3000 Independence Rd.,Cleveland,Ohio,N/A,N/A,#2F5D201,Plant,N/A,Asphalt Plant
Garfield Heights Plant,Asphalt,N/A,216-587-4900,kmisalesteam@kokosing.biz,13700 McCracken Rd.,Cleveland,Ohio,N/A,N/A,#2F5D202,Plant,N/A,Asphalt Plant
East Claridon Plant,Asphalt,N/A,440-635-5063,kmisalesteam@kokosing.biz,14948 Mayfield Rd.,East Claridon,Ohio,N/A,N/A,#2F5D203,Plant,N/A,Asphalt Plant
Grand River Plant,Asphalt,N/A,419-849-9999,kmisalesteam@kokosing.biz,15 Williams St.,Grand River,Ohio,N/A,N/A,#2F5D204,Plant,N/A,Asphalt Plant
Ashtabula Plant,Asphalt,N/A,N/A,kmisalesteam@kokosing.biz,1601 E. 21st St.,Ashtabula,Ohio,N/A,N/A,#2F5D205,Plant,N/A,Asphalt Plant
Medina Plant,Asphalt,N/A,330-721-2775,kmisalesteam@kokosing.biz,310 North State Rd.,Medina,Ohio,N/A,N/A,#2F5D206,Plant,N/A,Asphalt Plant
Shalersville Plant,Asphalt,N/A,330-274-2282,kmisalesteam@kokosing.biz,3486 Frost Rd.,Mantua,Ohio,N/A,N/A,#2F5D207,Plant,N/A,Asphalt Plant
Tallmadge Plant,Asphalt,N/A,330-968-3800,kmisalesteam@kokosing.biz,741 Tallmadge Rd.,Kent,Ohio,N/A,N/A,#2F5D208,Plant,N/A,Asphalt Plant
Wooster Plant,Asphalt,N/A,330-263-4168,kmisalesteam@kokosing.biz,1516 Timken Rd.,Wooster,Ohio,N/A,N/A,#2F5D209,Plant,N/A,Asphalt Plant
Upper Sandusky Plant,Asphalt,N/A,419-209-0693,kmisalesteam@kokosing.biz,6326 County Highway 61,Upper Sandusky,Ohio,N/A,N/A,#2F5D210,Plant,N/A,Asphalt Plant
Mansfield Plant,Asphalt,N/A,419-526-2852,kmisalesteam@kokosing.biz,46 E. Longview Ave.,Mansfield,Ohio,N/A,N/A,#2F5D211,Plant,N/A,Asphalt Plant
Fredericktown Plant,Asphalt,N/A,740-694-5872,kmisalesteam@kokosing.biz,11624 Hyatt Rd.,Fredericktown,Ohio,N/A,N/A,#2F5D212,Plant,N/A,Asphalt Plant
Marengo Plant,Asphalt,N/A,N/A,kmisalesteam@kokosing.biz,4178 Township Rd. 256,Marengo,Ohio,N/A,N/A,#2F5D213,Plant,N/A,Asphalt Plant
St. Louisville Plant,Asphalt,N/A,740-745-3341,kmisalesteam@kokosing.biz,9134 Mount Vernon Rd.,St. Louisville,Ohio,N/A,N/A,#2F5D214,Plant,N/A,Asphalt Plant
Westerville Plant,Asphalt,N/A,614-891-5090,kmisalesteam@kokosing.biz,6187 Westerville Rd.,Westerville,Ohio,N/A,N/A,#2F5D215,Plant,N/A,Asphalt Plant
Columbus Plant,Asphalt,N/A,614-491-1199,kmisalesteam@kokosing.biz,4755 South High St.,Columbus,Ohio,N/A,N/A,#2F5D216,Plant,N/A,Asphalt Plant
Osborne Companies,Asphalt,N/A,440-352-2254,N/A,6 Coast Guard Rd.,Painesville,Ohio,N/A,N/A,#2F5D217,N/A,N/A,Asphalt Plant
National Lime and Stone Co,N/A,N/A,N/A,N/A,N/A,N/A,N/A,N/A,N/A,#2F5D218,N/A,N/A,Asphalt Plant
Cambridge Plant,Ashpalt,Jody Barwick,330-415-6456,jbarwick@natlime.com,61145 Shaw Rd.,Cambridge,Ohio,N/A,N/A,#2F5D219,Plant,N/A,Asphalt Plant
Cadiz Plant,Ashpalt,Chris Dusenberry,330-600-1494,cdusenberry@natlime.com,80870 Unionvale Kenwood rd.,Cadiz,Ohio,N/A,N/A,#2F5D220,Plant,N/A,Asphalt Plant
Martins Ferry Plant,Ashpalt,Jody Barwick,330-415-6456,jbarwick@natlime.com,1601 N 1st St.,Martins Ferry,Ohio,N/A,N/A,#2F5D221,Plant,N/A,Asphalt Plant
Empire Plant,Ashpalt,Chris Dusenberry,330-600-1494,cdusenberry@natlime.com,1422 Co Hwy 7F,Toronto,Ohio,N/A,N/A,#2F5D222,Plant,N/A,Asphalt Plant
Jurgensen Companies,N/A,N/A,N/A,N/A,N/A,N/A,N/A,N/A,N/A,#2F5D223,N/A,N/A,Asphalt Plant
HQ,Main Office,N/A,N/A,N/A,11641 Mosteller Rd.,Cincinnati,Ohio,N/A,N/A,#2F5D224,N/A,N/A,Asphalt Plant
Walls Asphalt Manufacturing,Asphalt,N/A,N/A,N/A,3495 Hollanburg-Sampson Rd.,Greenville,Ohio,N/A,N/A,#2F5D225,Plant,N/A,Asphalt Plant
Valley Asphalt Corp.,Asphalt,N/A,N/A,N/A,250 Dye Mill Rd.,Troy ,Ohio,N/A,N/A,#2F5D226,Plant,N/A,Asphalt Plant
Walls Asphalt Manufacturing,Asphalt,N/A,N/A,N/A,9843 Dayton-Greenville Pike,Brookville,Ohio,N/A,N/A,#2F5D227,Plant,N/A,Asphalt Plant
Valley Asphalt Corp.,Asphalt,N/A,N/A,N/A,1901 Dryden Rd.,Dayton,Ohio,N/A,N/A,#2F5D228,Plant,N/A,Asphalt Plant
Valley Asphalt Corp.,Asphalt,N/A,N/A,N/A,1337 Dayton Xenia Rd.,Xenia,Ohio,N/A,N/A,#2F5D229,Plant,N/A,Asphalt Plant
Valley Asphalt Corp.,Asphalt,N/A,N/A,N/A,1903 Old US Rt 35 SE,Washington CH,Ohio,N/A,N/A,#2F5D230,Plant,N/A,Asphalt Plant
Valley Asphalt Corp.,Asphalt,N/A,N/A,N/A,228 Melvin Rd.,Wilmington,Ohio,N/A,N/A,#2F5D231,Plant,N/A,Asphalt Plant
Valley Asphalt Corp.,Asphalt,N/A,N/A,N/A,309 Industrial Dr.,Franklin,Ohio,N/A,N/A,#2F5D232,Plant,N/A,Asphalt Plant
Valley Asphalt Corp.,Asphalt,N/A,N/A,N/A,581 N. Garver Rd.,Monroe,Ohio,N/A,N/A,#2F5D233,Plant,N/A,Asphalt Plant
Valley Asphalt Corp.,Asphalt,N/A,N/A,N/A,4850 Stubbs Mill Rd.,Morrow ,Ohio,N/A,N/A,#2F5D234,Plant,N/A,Asphalt Plant
Valley Asphalt Corp.,Asphalt,N/A,N/A,N/A,3910 Kraus Lane ,Ross,Ohio,N/A,N/A,#2F5D235,Plant,N/A,Asphalt Plant
Hot Mix Inc.,Asphalt,N/A,N/A,N/A,992 S. County Rd. 800 East,Greenburg,Indiana,N/A,N/A,#2F5D236,N/A,N/A,Asphalt Plant
Valley Asphalt Corp.,Asphalt,N/A,N/A,N/A,5073 Kilby rd.,Cleves,Ohio,N/A,N/A,#2F5D237,Plant,N/A,Asphalt Plant
Valley Asphalt Corp.,Asphalt,N/A,N/A,N/A,7940 Main St.,Newtown ,Ohio,N/A,N/A,#2F5D238,Plant,N/A,Asphalt Plant
Valley Asphalt Corp.,Asphalt,N/A,N/A,N/A,612 W. Mehring Way,Cincinnati,Ohio,N/A,N/A,#2F5D239,Plant,N/A,Asphalt Plant
Eaton Asphalt Paving,Asphalt,N/A,N/A,N/A,1075 Eaton Dr.,Covington,Kentucky,N/A,N/A,#2F5D240,Plant,N/A,Asphalt Plant
Valley Asphalt Corp.,Asphalt,N/A,N/A,N/A,14722 Bodman Rd.,Mt. Orab,Ohio,N/A,N/A,#2F5D241,Plant,N/A,Asphalt Plant
RW Sidley,N/A,N/A,330-793-7374,N/A,N/A,Youngstown,OH,N/A,N/A,#9B5A2E,N/A,N/A,Stone Yard
Painesville,N/A,N/A,440-352-9343,N/A,436 Casement Ave.,Painesville,OH,N/A,N/A,#9B5A2E,N/A,N/A,Stone Yard
Thompson,N/A,N/A,440-298-3232,N/A,7123 Madison Rd.,Thompson,OH,N/A,N/A,#9B5A2E,N/A,N/A,Stone Yard
Madison,N/A,N/A,440-428-4500,N/A,4493 Madison Rd.,Madison,OH,N/A,N/A,#9B5A2E,N/A,N/A,Stone Yard
Youngwood (Precast Plant),N/A,N/A,724-755-0205,N/A,88 East Hillis St.,Youngwood,PA,N/A,N/A,#9B5A2E,Plant,N/A,Stone Yard
Girard,N/A,N/A,330-545-1964,N/A,200 Mill St.,Girard,OH,N/A,N/A,#9B5A2E,N/A,N/A,Stone Yard
Struthers,N/A,N/A,330-750-1661,N/A,395 Lowellville Rd.,Struthers,OH,N/A,N/A,#9B5A2E,N/A,N/A,Stone Yard
Barnesville (Whitco Supply),N/A,N/A,740-619-0021,N/A,37100 Jeru West Dr.,Barnesville,OH,N/A,N/A,#9B5A2E,N/A,N/A,Stone Yard
Williamsport (Whitco Supply),N/A,N/A,570-601-4645,N/A,2906 Reach  Rd.,Williamsport,PA,N/A,N/A,#9B5A2E,N/A,N/A,Stone Yard
Towanda,N/A,N/A,570-265-8543,N/A,330 Wickwire Way,Towanda,PA,N/A,N/A,#9B5A2E,N/A,N/A,Stone Yard
Washington,N/A,N/A,724-225-8805,N/A,5 Grable Rd.,Washington,PA,N/A,N/A,#9B5A2E,N/A,N/A,Stone Yard
URVI Enterprise LLC,N/A,N/A,N/A,nayan.urvienterprise@gmail.com,521 W Main St.,Millville ,NJ,N/A,N/A,#9B5A2E,N/A,N/A,Stone Yard
"GCP Applied Technologies, Inc.",N/A,HQ,1-877-423-6491,Customersolutions.na@gcpat.com,2325 Lakeview Parkway Suite 475,Alpharetta,GA,N/A,N/A,#9B5A2E,N/A,N/A,Stone Yard
Plasti-Chemie North America LLC,N/A,Volkmar Lull,305-336-7635,volkmar.lull@plasti-chemie-america.com,400 5th Ave. S Suite 301,Naples,FL,N/A,N/A,#9B5A2E,N/A,N/A,Stone Yard
"W&P, LLC",N/A,Thad Pearson (Sales),601-913-9796,tpearson@wandpllc.com,"6242 US Hwy 98, Ste 60",Hattiesburg,MS,N/A,N/A,#9B5A2E,N/A,N/A,Stone Yard
Duraamen Engineered Products,N/A,N/A,1-212-386-7609,victo@duraamen.com,116 W 23rd St.,New York,NY,N/A,N/A,#9B5A2E,N/A,N/A,Stone Yard
Pillar Aggregates LLC,N/A,N/A,303-536-7429,sales@pillaraggregates.com,10701 E 120th Ave,Henderson,CO,N/A,N/A,#9B5A2E,N/A,N/A,Stone Yard
American Natural Stone & Supply,N/A,N/A,N/A,info@americannaturalstone.com,1004 Medina Road,Medina,OH,N/A,N/A,#9B5A2E,N/A,N/A,Stone Yard
Kelly Supply Co.,N/A,N/A,N/A,N/A,"11622 OH-44, ",Mantua,OH  44255,N/A,N/A,#9B5A2E,N/A,N/A,Stone Yard
Stone Centers Of Ohio,N/A,N/A,N/A,info@stonecenters.com,1736 McKinley ,Columbus,OH  43222,N/A,N/A,#9B5A2E,N/A,N/A,Stone Yard
Stone Centers Of Ohio,N/A,N/A,N/A,info@stonecenters.com,4820 Stafford St.,Cincinnati,OH  45227,N/A,N/A,#9B5A2E,N/A,N/A,Stone Yard
Rock Solid Cut Stone & Supply,N/A,N/A,N/A,N/A,12989 Market Avenue N. Unit A,Hartville,OH  44632,N/A,N/A,#9B5A2E,N/A,N/A,Stone Yard
Northeast Ohio Stone,N/A,N/A,330-506-2876,N/A,5690 W Liberty St,Hubbard,OH,N/A,N/A,#9B5A2E,N/A,N/A,Stone Yard
Masonry Materials Plus,N/A,N/A,330-744-7587,N/A,Willow Street ,Youngstown,OH,N/A,N/A,#9B5A2E,N/A,N/A,Stone Yard
ACME,Stone,N/A,330-758-2313,sales@theacmecompany.com,9495 E. Harvard Blvd. ,Youngstown,OH,N/A,N/A,#9B5A2E,N/A,N/A,Stone Yard
4PL Solutions,N/A,N/A,330-349-8832,sales@4plsolutions.com,1330 Seaborn St. Suite 5,Mineral Ridge,OH,N/A,N/A,#5A3F6D,N/A,N/A,Quicklime
Missippi Lime,N/A,N/A, (800) 437-5463,sales@mlc.com,"3870 S. Lindbergh Blvd., Ste 200",St. Louis,MO,N/A,N/A,#5A3F6D,Head Quarters,N/A,Quicklime
Missippi Lime,Specialty Products,Dan Menniti,(412)  979-8030,dtmenniti@mlc.com,16147 Highway 61,Ste. Genevieve,MO,N/A,N/A,#5A3F6D,Production,N/A,Quicklime
Missippi Lime,N/A,N/A,N/A,N/A,200 Sierra Drive,Verona,KY,N/A,N/A,#5A3F6D,Production,N/A,Quicklime
Missippi Lime,N/A,N/A,N/A,N/A,8035 Highway 25,Calera,AL,N/A,N/A,#5A3F6D,Production,N/A,Quicklime
Missippi Lime,N/A,N/A,N/A,N/A,1543 Haining Road,"Vicksburg, ",MS,N/A,N/A,#5A3F6D,Production,N/A,Quicklime
Missippi Lime,N/A,N/A,N/A,N/A,"3001 Birch Drive
","Weirton, ",WV,N/A,N/A,#5A3F6D,Production,N/A,Quicklime
Missippi Lime,N/A,N/A,N/A,N/A,1551 Cochran Causeway,"Mobile, ",AL,N/A,N/A,#5A3F6D,Production,N/A,Quicklime
Missippi Lime,N/A,N/A,N/A,N/A,"1544 Beltline Road                        
","Chester, ",SC,N/A,N/A,#5A3F6D,Production,N/A,Quicklime
Missippi Lime,N/A,N/A,N/A,N/A,7849 Bluff Road,"Prairie du Rocher, ",IL,N/A,N/A,#5A3F6D,Production,N/A,Quicklime
Missippi Lime,N/A,N/A,N/A,N/A,6600 Old Bonne Terre Road,"Bonne Terre, ",MO,N/A,N/A,#5A3F6D,Production,N/A,Quicklime
Missippi Lime,N/A,N/A,N/A,N/A,"Melton Ross Quarries, Barnetby","North Lincolnshire, ",DN,N/A,N/A,#5A3F6D,Production,N/A,Quicklime
Missippi Lime,N/A,N/A,N/A,N/A,12797 Scenic Highway,"Baton Rouge, ",LA,N/A,N/A,#5A3F6D,Distribution,N/A,Quicklime
Missippi Lime,N/A,N/A,N/A,N/A,2351 State Street,"Chicago Heights,",IL,N/A,N/A,#5A3F6D,Distribution,N/A,Quicklime
Missippi Lime,N/A,N/A,N/A,N/A,89 S 18th Street,"East St. Louis, ",IL,N/A,N/A,#5A3F6D,Distribution,N/A,Quicklime
Missippi Lime,N/A,N/A,N/A,N/A,8440 Gibbs Road,Kansas City,KS,N/A,N/A,#5A3F6D,Distribution,N/A,Quicklime
Missippi Lime,N/A,N/A,N/A,N/A,4620 Monaco Avenue,"Denver, ",CO,N/A,N/A,#5A3F6D,Distribution,N/A,Quicklime
"The Kish Company, Inc.",Quicklime,N/A,440-205-9970,info@kishcompany.com,"8020 Tyler Blvd, #100",Mentor,OH,N/A,N/A,#5A3F6D,N/A,N/A,Quicklime
Lhoist North America,N/A,N/A,N/A,N/A,N/A,N/A,TX,N/A,N/A,#5A3F6D,N/A,N/A,Quicklime
Greer Lime Company,Quicklime,John Bossio (Ex. VP),304-296-1751,jbossio@greerlime.com,PO Box 1900,Morgantown,WV,N/A,N/A,#5A3F6D,N/A,N/A,Quicklime
Greer Lime Company,Quicklime,David Harper,304-567-2141,dharper@greerlime.com,1088 Germany Valley Limestone Rd.,Riverton,WV,N/A,N/A,#5A3F6D,N/A,N/A,Quicklime
"Continental Lime, Inc (Graymont)",N/A,N/A,N/A,N/A,N/A,N/A,N/A,N/A,N/A,#5A3F6D,N/A,N/A,Quicklime
Genoa,Lime,N/A,604-207-4292,N/A,21880 West State Route 163 P.O. Box 158,Genoa,OH,N/A,N/A,#5A3F6D,N/A,N/A,Quicklime
Pleasant Gap,Lime,N/A,1-888-472-9086,N/A,375 Graymont Rd.,Bellefonte ,PA,N/A,N/A,#5A3F6D,N/A,N/A,Quicklime
Corporate Office,N/A,N/A,1-604-207-4292,N/A,#200-10991 Shellbridge Way,Richmond BC,Canada,N/A,N/A,#5A3F6D,N/A,N/A,Quicklime
Mintek Resources,Quicklime,N/A,937-519-3404,N/A,"3725 Pentagon Blvd, Ste 100",Beavercreek,OH,N/A,N/A,#5A3F6D,N/A,N/A,Quicklime
Carmeuse,Quicklime,N/A,N/A,salesinquiries@carmeuse.com,11 Stanwix St. ,Pittsburgh,Pa,N/A,N/A,#5A3F6D,N/A,N/A,Quicklime
Buffington Plant,Quicklime,N/A,N/A,N/A,1 North Carmeuse Ln.,Gary,IN,N/A,N/A,#5A3F6D,N/A,N/A,Quicklime
Maysville Plant,Quicklime,N/A,N/A,N/A,9222 Springdale Rd.,Maysville,KY,N/A,N/A,#5A3F6D,N/A,N/A,Quicklime
Grand River Plant,Quicklime,N/A,412-995-5500,N/A,15 Williams St.,Grand River,OH,N/A,N/A,#5A3F6D,N/A,N/A,Quicklime
Winchester Plant,Quicklime,N/A,N/A,N/A,508 Quarry Lane,Clearbrook,VA,N/A,N/A,#5A3F6D,N/A,N/A,Quicklime
Maple Grove,Quicklime,N/A,412-995-5500,N/A,1967 W County Rd. 42,Bettsville,OH,N/A,N/A,#5A3F6D,N/A,N/A,Quicklime
Asphalt Busters,Quicklime,N/A,623-936-8800,info@asphaltbusters.com,801 South 71st Avenue,Phoenix,AR,N/A,N/A,#5A3F6D,Head Quarters,N/A,Quicklime
National Lime Equipment,Quicklime,Patrick Shields,480-841-9137,patrick@nationallimeequipment.com,P.O. Box 36496 ,Phoenix,AR,N/A,N/A,#5A3F6D,N/A,N/A,Quicklime
National Lime Equipment,Quicklime,Brett Tanner,480-267-5208,brett@nationallimeequipment.com,P.O. Box 36497,Phoenix,AR,N/A,N/A,#5A3F6D,N/A,N/A,Quicklime
MLC ,Quicklime,N/A,N/A,N/A,200 Sierra Dr.,Verona,KY,N/A,N/A,#5A3F6D,N/A,N/A,Quicklime
MLC ,Quicklime,N/A,N/A,N/A,12797 Scenic Highway,Baton Rouge,LA,N/A,N/A,#5A3F6D,Terminal,N/A,Quicklime
MLC ,Quicklime,N/A,N/A,N/A,3001 Birch Dr.,Weirton,WV,N/A,N/A,#5A3F6D,N/A,N/A,Quicklime
MLC ,Quicklime,N/A,N/A,N/A,1024 Commerce Dr.,Grafton,OH,N/A,N/A,#5A3F6D,N/A,N/A,Quicklime
MLC ,Quicklime,N/A,N/A,N/A,1544 Beltline Rd.,Chester,SC,N/A,N/A,#5A3F6D,N/A,N/A,Quicklime
MLC ,Quicklime,N/A,N/A,N/A,2351 State St.,Chicago Heights,IL,N/A,N/A,#5A3F6D,Terminal,N/A,Quicklime
MLC ,Quicklime,N/A,N/A,N/A,89 S 18th St. ,East St. Louis,IL,N/A,N/A,#5A3F6D,Terminal,N/A,Quicklime
Martin Marietta,N/A,N/A,N/A,N/A,N/A,N/A,N/A,N/A,N/A,#5A3F6D,N/A,N/A,Quicklime
Woodville,Lime,N/A,919-781-4550,N/A,755 Lime Rd.,Woodville,OH,N/A,N/A,#5A3F6D,N/A,N/A,Quicklime
Rhi Magnesita,Lime,N/A,905-633-4581,N/A,320 N Baker Rd.,York,PA,N/A,N/A,#5A3F6D,N/A,N/A,Quicklime
Reed Oil/21st Century Energy Group,N/A,Loren,724-333-6344,N/A,N/A,N/A,N/A,N/A,N/A,#6B7280,N/A,N/A,Fuel Sales
Sunoco Shenango,FUEL,N/A,N/A,N/A,2985 New Butler Road,New Castle,PA  16101,N/A,N/A,#6B7281,N/A,N/A,Fuel Sales
BP-New Wilmington,FUEL,N/A,N/A,N/A,Rt 208 & 18 ,New Wilmington,PA  16142,N/A,N/A,#6B7282,N/A,N/A,Fuel Sales
BP-New Castle,FUEL,N/A,N/A,N/A,1010 Wilmington Rd,New Castle,PA  16105,N/A,N/A,#6B7283,N/A,N/A,Fuel Sales
Citgo-Portersville,FUEL,N/A,N/A,N/A,1651 Perry Hwy Rt 19,Portersville,PA  16051,N/A,N/A,#6B7284,N/A,N/A,Fuel Sales
Citgo-Laurel,FUEL,N/A,N/A,N/A,2335 Harlansburg Road,New Castle,PA  16105,N/A,N/A,#6B7285,N/A,N/A,Fuel Sales
Citgo-New Castle,FUEL,N/A,N/A,N/A,1010 Wilmington Rd,New Castle,PA  16105,N/A,N/A,#6B7286,N/A,N/A,Fuel Sales
Transfer,FUEL,N/A,N/A,N/A,285 Reynolds Ind. Park Rd.,Transfer,PA  16115,N/A,N/A,#6B7288,N/A,N/A,Fuel Sales
Grove City,FUEL,N/A,N/A,N/A,408 Erie Street,Grove City,PA  16127,N/A,N/A,#6B7289,N/A,N/A,Fuel Sales
Mercer,FUEL,N/A,N/A,N/A,857 Perry Hwy,Mercer,PA  16137,N/A,N/A,#6B7290,N/A,N/A,Fuel Sales
New Castle,FUEL,N/A,N/A,N/A,411 Neal Street,New Castle,PA  16101,N/A,N/A,#6B7291,N/A,N/A,Fuel Sales
Darlington,FUEL,N/A,N/A,N/A,4433 Constitution Blvd,Darlington,PA  16115,N/A,N/A,#6B7292,N/A,N/A,Fuel Sales
RD HOLDER Oil Company,N/A,N/A,800-243-0432,N/A,600 N. Dayton-Lakeview Rd,New Carlisle,OH  45344,N/A,N/A,#6B7293,N/A,N/A,Fuel Sales
BelleFontaine,FUEL,N/A,800-243-0432,N/A,706 W. Sandusky Avenue,Bellefontaine,OH  43311,N/A,N/A,#6B7294,N/A,N/A,Fuel Sales
Lancaster,FUEL,N/A,800-243-0432,N/A,238 N. Pierce Avenue,Lancaster,OH  43130,N/A,N/A,#6B7295,N/A,N/A,Fuel Sales
Lima,FUEL,N/A,800-243-0432,N/A,1078 S. Metcalf Street,Lima,OH  45804,N/A,N/A,#6B7296,N/A,N/A,Fuel Sales
Springfield,FUEL,N/A,800-243-0432,N/A,1135 Warder Street,Springfield,OH  45503,N/A,N/A,#6B7297,N/A,N/A,Fuel Sales
Washington Court House,FUEL,N/A,800-243-0432,N/A,304 W. Market St.,Washington Ct House,OH  43160,N/A,N/A,#6B7298,N/A,N/A,Fuel Sales
Heath,FUEL,N/A,800-243-0432,N/A,1000 Keller Drive,Heath,OH  43056,N/A,N/A,#6B7299,N/A,N/A,Fuel Sales
Laura,FUEL,N/A,800-243-0432,N/A,11611 St. Rte. 571,Laura,OH  45337,N/A,N/A,#6B7300,N/A,N/A,Fuel Sales
Columbus,FUEL,N/A,800-243-0432,N/A,2057 Dublin Road,Columbus,OH  43228,N/A,N/A,#6B7301,N/A,N/A,Fuel Sales
Dayton,FUEL,N/A,800-243-0432,N/A,2931 Boulder Ave,Dayton,OH  45414,N/A,N/A,#6B7302,N/A,N/A,Fuel Sales
Columbia,FUEL,Main Office,800-982-0363,columbia@lewistransportinc.com,506 Burkeville Street,Columbia,KY  42728,N/A,N/A,#6B7304,N/A,N/A,Fuel Sales
"  Northern KY/Cinci, OH/Knoxvl TN",FUEL,N/A,859-485-2111,walton@lewistransportinc.com,13024 Dixie Highway,Walton,KY  41094,N/A,N/A,#6B7305,N/A,N/A,Fuel Sales
Louisville,FUEL,N/A,800-752-6035,louisville@lewistransportinc.com,4205 Campground Road,Louisville,KY  40216,N/A,N/A,#6B7306,N/A,N/A,Fuel Sales
Indianapolis,FUEL,N/A,317-535-3525,N/A,N/A,Indianapolis,IN  ,N/A,N/A,#6B7307,N/A,N/A,Fuel Sales
Santmyer,Main Office,N/A,800-686-4589,N/A,3000 Old Airport Rd,Wooster,OH  44691,N/A,N/A,#6B7308,N/A,N/A,Fuel Sales
Ashland Bulk Plant,FUEL,N/A,419-289-8815,N/A,1011 Jacobson Avenue,Ashland,OH  ,N/A,N/A,#6B7309,N/A,N/A,Fuel Sales
Dalton Bulk Plant,FUEL,N/A,330-828-2771,N/A,39 N. Cochran St.,Dalton,OH,N/A,N/A,#6B7310,N/A,N/A,Fuel Sales
Mount Vernon Bulk Plant,FUEL,N/A,740-393-2096,N/A,9090 Columbus Road,Mt. Vernon,OH,N/A,N/A,#6B7311,N/A,N/A,Fuel Sales
Cincinnati Terminal,FUEL,N/A,N/A,N/A,6555 River Rd,Cincinnati,OH,N/A,N/A,#6B7312,N/A,N/A,Fuel Sales
Columbus Terminal,FUEL,N/A,N/A,N/A,2000 Integrity Drive North,Columbus,OH,N/A,N/A,#6B7313,N/A,N/A,Fuel Sales
Dayton Terminal,FUEL,N/A,N/A,N/A,1708 Farr Drive,Dayton,OH,N/A,N/A,#6B7314,N/A,N/A,Fuel Sales
Fairfield Terminal,FUEL,N/A,N/A,N/A,1280 Hicks Blvd.,Fairfield,OH,N/A,N/A,#6B7315,N/A,N/A,Fuel Sales
Lima Terminal,FUEL,N/A,N/A,N/A,2050 North Dixie Highway,Lima,OH,N/A,N/A,#6B7316,N/A,N/A,Fuel Sales
Red Rover Ashland ,FUEL,N/A,419-287-7877,N/A,1011 Jacobson Avenue,Ashland,OH,N/A,N/A,#6B7317,N/A,N/A,Fuel Sales
Red Rover Canton,FUEL,N/A,844-875-3811,N/A,1700 Shepler Church Ave SW,Canton,OH,N/A,N/A,#6B7318,N/A,N/A,Fuel Sales
Red Rover Dalton,FUEL,N/A,844-875-3811,N/A,39 N. Cochran St.,Dalton,OH,N/A,N/A,#6B7319,N/A,N/A,Fuel Sales
Red Rover Millersburg,FUEL,N/A,844-875-3811,N/A,5868 County Road 201 ,Millersburg,OH,N/A,N/A,#6B7320,N/A,N/A,Fuel Sales
Red Rover Mount Vernon,FUEL,N/A,330-262-6502,N/A,9090 Columbus Road,Mt Vernon,OH,N/A,N/A,#6B7321,N/A,N/A,Fuel Sales
Red Rover Sugarcreek,FUEL,N/A,844-875-3811,N/A,754 State Route 93,Sugarcreek,OH,N/A,N/A,#6B7322,N/A,N/A,Fuel Sales
Red Rover Wooster,FUEL,N/A,844-875-3811,N/A,2990 Old Airport Road,Wooster,OH,N/A,N/A,#6B7323,N/A,N/A,Fuel Sales
Richfield Terminal,FUEL,N/A,N/A,N/A,3800 Congress Parkway,Richfield,OH,N/A,N/A,#6B7324,N/A,N/A,Fuel Sales
Youngstown Terminal,FUEL,N/A,N/A,N/A,11600 Mahoning Ave,North Jackson,OH,N/A,N/A,#6B7325,N/A,N/A,Fuel Sales
Zanesville Terminal,FUEL,N/A,N/A,N/A,1039 Lee St,Zanesville,OH,N/A,N/A,#6B7326,N/A,N/A,Fuel Sales
Wooster Bulk Plant,FUEL,N/A,330-262-6501,N/A,1055 West Old Lincoln Way,Wooster,OH,N/A,N/A,#6B7327,N/A,N/A,Fuel Sales
JL Fuels,Main Office,N/A,740-439-2797,lurdak@live.com,11227 Pleasant Road,Pleasant City,OH  43772,N/A,N/A,#6B7328,N/A,N/A,Fuel Sales
Bloomingdale,FUEL,N/A,888-944-1974,N/A,1525 State Hwy 152,"Bloomingdale,",OH  43910,N/A,N/A,#6B7330,N/A,N/A,Fuel Sales
Cadiz,FUEL,N/A,740-942-0153,N/A,994 East Market Street,Cadiz,OH  43907,N/A,N/A,#6B7331,N/A,N/A,Fuel Sales
Dillonvale,FUEL,N/A,740-769-1796,N/A,40 Smithfield Street,Dillonvale,OH  43917,N/A,N/A,#6B7332,N/A,N/A,Fuel Sales
Beavecreek ,N/A,N/A,N/A,N/A,849 Factory Road,Beavercreek,OH  45434,N/A,N/A,#6B7334,N/A,N/A,Fuel Sales
Springfield,N/A,N/A,N/A,N/A,2850 E. Leffel Lane,Springfield,OH  45505,N/A,N/A,#6B7335,N/A,N/A,Fuel Sales
Sunbury,N/A,N/A,N/A,N/A,148 S. Vernon Street,Sunbury,OH  43074,N/A,N/A,#6B7336,N/A,N/A,Fuel Sales
Oilworks,Main Office,N/A,614-987-4886,oilworks@oilworksllc.com,"1611 Integrity Dr, E",Columbus,OH  43209,N/A,N/A,#6B7337,N/A,N/A,Fuel Sales
"Ricochet Fuel Distributors, Inc,",FUEL,N/A,833-724-2789,N/A,1201 Royal Parkway,Euless,TX  76040,N/A,N/A,#6B7338,N/A,N/A,Fuel Sales
Ashland,N/A,N/A,419-289-3610,N/A,824 US-42,Ashland,OH  44805,N/A,N/A,#6B7340,N/A,N/A,Fuel Sales
Medina,N/A,N/A,330-725-4951,N/A,6080 Norwalk Road,Medina,OH  44256,N/A,N/A,#6B7341,N/A,N/A,Fuel Sales
Wellington  ,N/A,N/A,440-647-3725,N/A,625 South Main Street,Wellington,OH  44090,N/A,N/A,#6B7342,N/A,N/A,Fuel Sales
Ullman Oil Co.,Main Office,N/A,440-543-5195,N/A,9812 E. Washington St.,Chagrin Falls,OH,N/A,N/A,#6B7344,N/A,N/A,Fuel Sales
Sugarcreek Division,N/A,N/A,N/A,N/A,"223 Yoder Ave, NW",Sugarcreek,OH,N/A,N/A,#6B7345,N/A,N/A,Fuel Sales
Cleveland Hub,N/A,N/A,216-478-0501,N/A,4500 Renaissance Pkwy,Cleveland ,OH,N/A,N/A,#6B7347,N/A,N/A,Fuel Sales
Corporate office,Main Office,N/A,440-354-3669,sales@meltzersfuel.com,755 E Erie St.,Painesville,OH,N/A,N/A,#6B7351,N/A,N/A,Fuel Sales
Middlefield Bulk Plant,FUEL,N/A,440-354-3669,sales@meltzersfuel.com,15031 Thompson Ave,Middlefield,OH,N/A,N/A,#6B7352,N/A,N/A,Fuel Sales
Geneva Bulk Plant,FUEL,N/A,440-354-3689,sales@meltzersfuel.com,2868 Pandanarum Rd.,Geneva,OH,N/A,N/A,#6B7353,N/A,N/A,Fuel Sales
Tidioute Oil Co.,N/A,N/A,1-814-484-3565,sales@meltzersfuel.com,16 Buckingham St.,Tidioute ,PA,N/A,N/A,#6B7354,N/A,N/A,Fuel Sales
Newcomerstown Bulk/ HQ,Main office,N/A,740-498-6236,N/A,100 West St.,Newcomerstown,OH,N/A,N/A,#6B7356,N/A,N/A,Fuel Sales
New Philadelphia Bulk,Fuel,N/A,330-339-7131,N/A,130 Tenth St. SW,New Philadelphia,OH,N/A,N/A,#6B7357,N/A,N/A,Fuel Sales
Caldwell Bulk,Fuel,N/A,740-732-4555,N/A,901 Miller St,Caldwell,OH,N/A,N/A,#6B7358,N/A,N/A,Fuel Sales
Wooster Bulk,Fuel,N/A,330-641-8998,N/A,530 Palmer St,Wooster ,OH,N/A,N/A,#6B7359,N/A,N/A,Fuel Sales
Circleville Bulk,Fuel,N/A,740-474-4606,rader@rjwrightandsons.com,811 South Pickaway St.,Circleville,OH,N/A,N/A,#6B7360,N/A,N/A,Fuel Sales
Varouh Oil,Fuel,N/A,440-324-5025,N/A,970 Griswold Rd.,Elyria,OH,N/A,N/A,#6B7361,N/A,N/A,Fuel Sales
Ports Petroleum,Dustin ,N/A,330-264-1885,N/A,1337 Blachleyville Rd.,Wooster,OH ,N/A,N/A,#6B7362,N/A,N/A,Fuel Sales
Carsten Oil,N/A,N/A,260-432-3507,N/A,2910 Connett Ave.,Fort Wayne,IN,N/A,N/A,#6B7363,N/A,N/A,Fuel Sales
Cadence Petroleium,Products/services,N/A,N/A,N/A,2469 Creekway Dr,Columbus,OH,N/A,N/A,#6B7364,N/A,N/A,Fuel Sales
Stevenson Oil and Chemical,N/A,N/A,440-943-3337,stevensonoil@sbcglobal.net,30130 Lakeland Blvd.,Wickliffe,OH,N/A,N/A,#6B7365,N/A,N/A,Fuel Sales
Corporate Office,Main Office,N/A,513-489-6000,N/A,8280 Montgomery Rd. Suite 101,Cincinnati,OH,N/A,N/A,#6B7367,N/A,N/A,Fuel Sales
Butler Distribution,N/A,N/A,800-772-5823,N/A,150 Bonnie Dr.,Butler,PA,N/A,N/A,#6B7368,N/A,N/A,Fuel Sales
Columbus Distribution,N/A,N/A,614-871-1500,N/A,2181 Hardy Parkway St.,Grove City,OH,N/A,N/A,#6B7369,N/A,N/A,Fuel Sales
Kent Distribution,N/A,N/A,330-673-8800,N/A,4411 Crystal Parkway,Kent ,OH,N/A,N/A,#6B7370,N/A,N/A,Fuel Sales
Mansfield Distribution,N/A,N/A,N/A,N/A,375 North Main St.,Mansfield,OH,N/A,N/A,#6B7371,N/A,N/A,Fuel Sales
Warminster Distribution,N/A,N/A,800-772-5823,N/A,1020 Louis Dr.,Warminster,PA,N/A,N/A,#6B7372,N/A,N/A,Fuel Sales
Washington Distribution ,N/A,N/A,800-772-5823,N/A,44 Bridge St.,Washington,PA,N/A,N/A,#6B7373,N/A,N/A,Fuel Sales
The McGlaughlin Oil Co,N/A,N/A,800-839-6589,orders@mcglaughlinoil.com,3750 E. Livingston Ave.,Columbus,OH,N/A,N/A,#6B7374,N/A,N/A,Fuel Sales
RD Holder Oil Co,HQ,N/A,1-800-243-0432,N/A,600 North Dayton-Lakeview Rd.,New Carlisle ,OH,N/A,N/A,#6B7375,N/A,N/A,Fuel Sales
N/A,N/A,N/A,1-800-243-0432,N/A,706 W Sandusky Ave.,Bellefontaine,OH,N/A,N/A,#6B7376,N/A,N/A,Fuel Sales
N/A,N/A,N/A,1-800-243-0432,N/A,1000 Keller Dr.,Heath,OH,N/A,N/A,#6B7377,N/A,N/A,Fuel Sales
N/A,N/A,N/A,1-800-243-0432,N/A,238 N Pierce Ave,Lancaster,OH,N/A,N/A,#6B7378,N/A,N/A,Fuel Sales
N/A,N/A,N/A,1-800-243-0432,N/A,11611 State Route 571,Laura,OH,N/A,N/A,#6B7379,N/A,N/A,Fuel Sales
N/A,N/A,N/A,1-800-243-0432,N/A,685 S Robets Ave,Lima,OH,N/A,N/A,#6B7380,N/A,N/A,Fuel Sales
N/A,N/A,N/A,1-800-243-0432,N/A,2057 Dublin Rd,Columbus,OH,N/A,N/A,#6B7381,N/A,N/A,Fuel Sales
N/A,N/A,N/A,800-521-5420,N/A,15140 State Route 328,Logan ,OH,N/A,N/A,#6B7382,N/A,N/A,Fuel Sales
N/A,N/A,N/A,1-800-243-0432,N/A,1135 Warder St.,Springfield,OH,N/A,N/A,#6B7383,N/A,N/A,Fuel Sales
N/A,N/A,N/A,1-800-243-0432,N/A,304 W Market St.,Washington Court House,OH,N/A,N/A,#6B7384,N/A,N/A,Fuel Sales
Holmes Oil,Office,N/A,330-893-2199,N/A,5866 County Rd. 201,Millersburg,OH,N/A,N/A,#6B7385,N/A,N/A,Fuel Sales
Holmes Oil,N/A,James Halverson,330-317-8266,james@holmesoildistributing.com,5866 County Rd. 201,Millersburg,OH,N/A,N/A,#6B7386,N/A,N/A,Fuel Sales
Holmes Oil,President,Jeremy Burgett,330-231-8635,jeremy@holmesoildistributing.com,5866 County Rd. 201,Millersburg,OH,N/A,N/A,#6B7387,N/A,N/A,Fuel Sales
Ports Petroleum,N/A,Dustin Kessinger,330-231-1649,dustink@portspetro.com,1337 Blachleyville Rd.,Wooster,OH,N/A,N/A,#6B7388,N/A,N/A,Fuel Sales
Coles Energy,N/A,Kip ,419-499-1120,info@colesenergyin.com,3619 State Route 113 E,Milan,OH,N/A,N/A,#6B7389,N/A,N/A,Fuel Sales
Northeast Lubricants,General Manager,Dan Grummitt,216-701-5062,dgrumitt@glpetro.com,4500 Renaissance Pkwy.,Cleveland,OH,N/A,N/A,#6B7390,N/A,N/A,Fuel Sales
Great Lakes Petroleum,Sales manager,Jeff Gregel,330-888-8589,jgregel@glpetro.com,4500 Renaissance Parkway,Cleveland,OH,N/A,N/A,#6B7391,N/A,N/A,Fuel Sales
N/A,Sales manager,Damon De Luca,919-594-4475,ddeluca@glpetro.com,11110 Westlake Drive,Charlotte,NC,N/A,N/A,#6B7392,N/A,N/A,Fuel Sales
N/A,Sales manager,Brannon Evans,404-852-5946,bevans@glpetro.com,3055 Humphries Hill Rd.,Austell,GA,N/A,N/A,#6B7393,N/A,N/A,Fuel Sales
N/A,Sales manager,Charles Reibling,704-302-4963,creibling@glpetro.com,14418 Smith Rd.,Humble,TX,N/A,N/A,#6B7394,N/A,N/A,Fuel Sales
N/A,Sales manager,Jeff Gregel,330-888-8589,jgregel@glpetro.com,PO Box 780040 ,Philadelphia,PA,N/A,N/A,#6B7395,N/A,N/A,Fuel Sales
Cooperrider Water Hauling,N/A,N/A,740-404-4065,N/A,N/A,Thornville,Ohio,N/A,N/A,#3F6F7F,N/A,N/A,Water
Wagner Water Hauling,N/A,N/A,740-927-9686,N/A,N/A,Lancaster ,Ohio,N/A,N/A,#3F6F7F,N/A,N/A,Water
"Aquasource Water Hauling, LLC",N/A,Chris,937-642-9777,N/A,N/A,Marysville,Ohio,N/A,N/A,#3F6F7F,N/A,N/A,Water
A to Z Water Hauling,N/A,N/A,937-964-8746,N/A,N/A,Springfield,Ohio,N/A,N/A,#3F6F7F,N/A,N/A,Water
Crabtree Water Hauling,N/A,Tony,614-778-6261,N/A,N/A,Springfield,Ohio,N/A,N/A,#3F6F7F,N/A,N/A,Water
Mumaw Water Hauling,N/A,N/A,740-674-7238,N/A,N/A,Blue Rock,Ohio,N/A,N/A,#3F6F7F,N/A,N/A,Water
CSB Transport-Pool and Spa Bulk Delivery,N/A,N/A,330-465-8822,N/A,N/A,Wooster,Ohio,N/A,N/A,#3F6F7F,N/A,N/A,Water
Demboski Pool Water,N/A,John,330-947-0201,N/A,N/A,Atwater ,Ohio,N/A,N/A,#3F6F7F,N/A,N/A,Water
Spahr's Water Truck,N/A,N/A,330-697-4005,N/A,N/A,Rootstown,Ohio,N/A,N/A,#3F6F7F,N/A,N/A,Water
Strouble Water Hauling and Trucking,N/A,N/A,330-877-6795,N/A,N/A,Louisville,Ohio,N/A,N/A,#3F6F7F,N/A,N/A,Water
Sunrise Springs Water Truck,N/A,N/A,330-325-8001,N/A,N/A,Portage,Ohio,N/A,N/A,#3F6F7F,N/A,N/A,Water
Lakes Water Hauling,N/A,Eric,513-620-1023,N/A,N/A,Cincinatti,Ohio,N/A,N/A,#3F6F7F,N/A,N/A,Water
H2 Eco Bulk,N/A,N/A,888-575-5384,N/A,N/A,Houston,TX,N/A,N/A,#3F6F7F,N/A,N/A,Water
E tank,N/A,Brandon,412-715-3372,N/A,N/A,Cincinnati,Ohio,N/A,N/A,#3F6F7F,N/A,N/A,Water
Gobel Towing,N/A,N/A,330-549-3562,N/A,1860 S Range,North Lima,Ohio,N/A,N/A,#8B3A3A,N/A,N/A,Heavy Haulers
CLT towing & transport,N/A,Terry McCorkle,912-739-7800,N/A,9899 US-280,Claxton,GA,N/A,N/A,#8B3A3A,N/A,N/A,Heavy Haulers
Freight Pros,N/A,Diane,770-725-4800,Diane@freightpros.net,N/A,N/A,N/A,N/A,N/A,#8B3A3A,N/A,N/A,Heavy Haulers
 ,N/A,Thad,941-776-3450,tsargent@B2Btranserv.com,1318 4th Avenue,Moline,IL,N/A,N/A,#8B3A3A,N/A,N/A,Heavy Haulers
JBH Transport & Logistics,N/A,N/A,770-251-8921,dispatch@jbharrisgroup.com,129 Pine Road,Newnan,GA,N/A,N/A,#8B3A3A,N/A,N/A,Heavy Haulers
Nationwide Transport,N/A,Andrew Young,859-475-1418,Andrew@nationwidetransportservices .com,2765 W Cypress Creek Rd.,Fort Lauderdale,FL,N/A,N/A,#8B3A3A,N/A,N/A,Heavy Haulers
B& H Heavy Haul,N/A,N/A,770-786-7892,Bhwrecker@yahoo.com,795 Adamson Dr,Monroe,GA,N/A,N/A,#8B3A3A,N/A,N/A,Heavy Haulers
Livingston LLC,N/A,Edward Livingston,N/A,edward@livingstontransportation.com,169 Blankenship Rd.,Texarkana,TX,N/A,N/A,#8B3A3A,N/A,N/A,Heavy Haulers
